1,"Marylynne Szymonwicz","13683 Browning Hill"
2,"Phyllida Allberry","6 Sheridan Street"
3,"Juline Dix","7 Stuart Parkway"
4,"Gardiner Nuttey","49365 Delaware Way"
5,"Keelia Merwood","9 Northridge Avenue"
6,"Jody Joselson","32 Grasskamp Place"
7,"Starr Jacmard","900 Killdeer Center"
8,"Normie Goakes","7511 Nova Plaza"
9,"Teresina Gradon","76 Cascade Hill"
10,"Warde Verdie","390 Fisk Junction"
11,"Dolorita Ortas","8 Pearson Avenue"
12,"Crissy Tomasoni","594 Mariners Cove Point"
13,"Curt Dimbleby","01224 Gerald Pass"
14,"Annelise Spadollini","312 Canary Crossing"
15,"Wallis Grimme","90110 Dottie Trail"
16,"Dolph Linster","6 Sullivan Drive"
17,"Sigmund Coultass","6226 Nelson Parkway"
18,"Milli Himpson","1043 Rusk Circle"
19,"Ilise Roeby","47431 Trailsway Avenue"
20,"Schuyler Hoodless","59 Bluejay Drive"
21,"Chancey Lile","7 Montana Way"
22,"Katina Sonnenschein","91573 Rowland Pass"
23,"Vincents Bendixen","4788 Lighthouse Bay Lane"
24,"Lorenza Renbold","67155 Muir Crossing"
25,"Nels Cossentine","14392 Summer Ridge Park"
26,"Oswald Bowstead","4 Loftsgordon Junction"
27,"Xavier Ruckledge","39993 Reindahl Trail"
28,"Bondie Lytlle","90575 Sachtjen Way"
29,"May Baswall","8 Maple Street"
30,"Muire Farr","6352 Sheridan Road"
31,"Valerye Penny","7438 Twin Pines Court"
32,"Giordano Fawley","3760 David Lane"
33,"Beck Cord","597 Glendale Drive"
34,"Haze Sciacovelli","426 Hermina Hill"
35,"Marquita Roantree","83613 Towne Way"
36,"Rudyard Behrendsen","55 Macpherson Hill"
37,"Lynsey Pragnall","7242 Longview Point"
38,"Jervis Peteri","8 Esker Hill"
39,"Estrella Gabbot","23 Toban Park"
40,"Cordie De Freitas","7 Kedzie Drive"
41,"Marris Vane","37 Loeprich Lane"
42,"Emmalyn McCloch","251 Eagle Crest Court"
43,"Adelheid Williams","4778 Nevada Junction"
44,"Junie O'Sheerin","310 Dapin Park"
45,"Jarvis Housam","86 Harper Park"
46,"Ransell Agerskow","778 Northwestern Center"
47,"Ellsworth O'Kieran","830 Ryan Junction"
48,"Andrej Purkess","2367 Derek Trail"
49,"Garrick Tradewell","4 Orin Road"
50,"Randa Collisson","7 Crest Line Crossing"
51,"Abbi Ketchen","9 Michigan Street"
52,"Norri Wilkins","23 Melvin Center"
53,"Aleece Boldero","117 Acker Park"
54,"Sibeal Maylard","71290 Sachs Pass"
55,"Margalo O'Cannon","69 Thackeray Center"
56,"Jesus Vaudre","02 Talmadge Pass"
57,"Ilene Durward","503 Sommers Road"
58,"Mirabelle Mewhirter","4106 Reindahl Avenue"
59,"Mallory Phidgin","69 Longview Place"
60,"Conny Espinoza","85 Walton Center"
61,"Baron Mein","871 Linden Junction"
62,"Keir Quartermaine","076 Daystar Crossing"
63,"Cole Cuddehay","05 Steensland Circle"
64,"Taffy Gaveltone","078 Carpenter Point"
65,"Beulah Sogg","37 Arrowood Court"
66,"Kevina Aronovitz","78 Loomis Lane"
67,"Kathi Cowhig","92 Anzinger Way"
68,"Emelita Gration","3237 Kings Road"
69,"Saul Gedling","7947 Old Shore Circle"
70,"Charin Braferton","6733 Ramsey Junction"
71,"Armand Pavitt","7 Clarendon Court"
72,"Joellyn Copnar","10 Stang Junction"
73,"Lindi Tethacot","2 Goodland Drive"
74,"Barb Bacon","9 Fairview Alley"
75,"Tobit Cutteridge","489 Charing Cross Plaza"
76,"Kathe Fassan","663 Anderson Road"
77,"Falito Riding","5 Heffernan Alley"
78,"Maritsa Jopson","35797 Grim Place"
79,"Ginelle Odby","3974 Gina Circle"
80,"Brook Gristhwaite","54 Fair Oaks Road"
81,"Vida Gavahan","41399 Ohio Drive"
82,"Olivero Robertson","0 North Place"
83,"Ashly Kealy","02683 Schmedeman Alley"
84,"Bryana Moules","95 Clove Parkway"
85,"Tisha Langthorne","5583 Melody Street"
86,"Kitty Citrine","4363 Waubesa Court"
87,"Garret Borles","61079 High Crossing Park"
88,"Warren Sallings","291 Huxley Park"
89,"Glennie Medcalfe","05009 Donald Street"
90,"Viviana Vlasyev","19242 Dapin Road"
91,"Adrianna Latek","6499 Forest Road"
92,"Theodore MacCartan","83015 Dahle Place"
93,"Trisha Devonish","2 Marquette Junction"
94,"Max Sabater","548 Park Meadow Trail"
95,"Jaine Atcock","9 Eastwood Way"
96,"Laurette Board","02 Northland Lane"
97,"Puff L'Hommeau","212 Jenna Hill"
98,"Hurlee Scranney","1 Clemons Plaza"
99,"Torrin Fitzjohn","16 Kedzie Junction"
100,"Rhona Elmer","6 Annamark Point"
