501,"Emile Gain","AlbumName 1","Country"
751,"Elwood Fairbridge","AlbumName 251","Jazz"
752,"Norri Dartnell","AlbumName 252","Folk"
753,"Alexina Rowney","AlbumName 253","Folk"
754,"Melania Southworth","AlbumName 254","Blues"
755,"Brand Rodrigo","AlbumName 255","Blues"
756,"Lia Myhill","AlbumName 256","Soul"
757,"Jeanette Frankel","AlbumName 257","Blues"
758,"Helen-elizabeth Davana","AlbumName 258","Soul"
759,"Gradey Pigny","AlbumName 259","Pop"
760,"Augie Clemendet","AlbumName 260","Comedy"
761,"Valencia Tessier","AlbumName 261","Comedy"
762,"Winfred Claw","AlbumName 262","Blues"
763,"Sam McIlmorow","AlbumName 263","Jazz"
764,"Piper Siney","AlbumName 264","Electronic"
765,"Dana Sloegrave","AlbumName 265","Jazz"
766,"Calla Millership","AlbumName 266","Blues"
767,"Julissa Lipman","AlbumName 267","Soul"
768,"Chandra Pallasch","AlbumName 268","Jazz"
502,"Philipa Skade","AlbumName 2","Blues"
769,"Filmer Grigg","AlbumName 269","Latin"
503,"Odele Gownge","AlbumName 3","Pop"
770,"Reinhold Pantling","AlbumName 270","Comedy"
504,"Skipp Tolomio","AlbumName 4","Blues"
771,"Adina Chilton","AlbumName 271","Blues"
505,"Kenon Baybutt","AlbumName 5","Comedy"
772,"Agatha Karlsen","AlbumName 272","Rock"
506,"Korrie Speeding","AlbumName 6","Pop"
773,"Florida Kingsland","AlbumName 273","Electronic"
507,"Blondelle Stancer","AlbumName 7","Soul"
774,"Emmanuel Orhtmann","AlbumName 274","Latin"
508,"Kirk Arlt","AlbumName 8","Soul"
509,"Tallie Fletcher","AlbumName 9","Comedy"
775,"Cleopatra Mahomet","AlbumName 275","Pop"
510,"Augustine Castagna","AlbumName 10","Folk"
776,"Rodger Cummins","AlbumName 276","Latin"
511,"Merrile Twinborough","AlbumName 11","Jazz"
777,"Tammi Rogan","AlbumName 277","Soul"
512,"Ray Taleworth","AlbumName 12","Blues"
778,"Lizette Bissatt","AlbumName 278","Electronic"
513,"Vergil Buswell","AlbumName 13","Pop"
779,"Tadeas Heaton","AlbumName 279","Jazz"
514,"Diarmid Nern","AlbumName 14","Soul"
780,"Giffer Shall","AlbumName 280","Jazz"
515,"Ronda Iffe","AlbumName 15","Country"
781,"Lindy Bladge","AlbumName 281","Rock"
516,"Jory Lindenbluth","AlbumName 16","Latin"
782,"Bailie Boles","AlbumName 282","Pop"
517,"Rem Nendick","AlbumName 17","Folk"
783,"Foss Dicken","AlbumName 283","Country"
518,"Uri Silber","AlbumName 18","Jazz"
784,"Jandy Jermyn","AlbumName 284","Jazz"
519,"Claudio Kerswell","AlbumName 19","Latin"
785,"Zora Guerin","AlbumName 285","Electronic"
520,"Blondie Darbey","AlbumName 20","Latin"
786,"Alexander Loomes","AlbumName 286","Pop"
521,"Hartwell Figura","AlbumName 21","Folk"
787,"Ketti Senescall","AlbumName 287","Jazz"
522,"Brendis Azemar","AlbumName 22","Latin"
523,"Costa Byrd","AlbumName 23","Country"
788,"Maxine Eisikovitsh","AlbumName 288","Electronic"
524,"Ruby Benediktsson","AlbumName 24","Blues"
789,"Tiler Sentinella","AlbumName 289","Jazz"
525,"Bride Sweating","AlbumName 25","Pop"
790,"Deck Matczak","AlbumName 290","Jazz"
526,"Parry Leynagh","AlbumName 26","Pop"
791,"Steffane Reinmar","AlbumName 291","Blues"
527,"Timmie Jorin","AlbumName 27","Rock"
792,"Lorne Biggans","AlbumName 292","Latin"
528,"Osborne Winfield","AlbumName 28","Country"
793,"Dalis Podd","AlbumName 293","Blues"
529,"Shellysheldon Le Cornu","AlbumName 29","Pop"
530,"Henderson Pragnall","AlbumName 30","Pop"
531,"Jacinta Findlow","AlbumName 31","Electronic"
532,"Melisenda Braizier","AlbumName 32","Latin"
533,"Marietta Pizzey","AlbumName 33","Country"
534,"Todd Vearncombe","AlbumName 34","Soul"
535,"Earlie Godain","AlbumName 35","Blues"
536,"Myriam Edgerly","AlbumName 36","Comedy"
537,"Hetti Buzzing","AlbumName 37","Soul"
538,"Cointon Pirrie","AlbumName 38","Blues"
539,"Debor Weymont","AlbumName 39","Soul"
540,"Amerigo Auguste","AlbumName 40","Country"
541,"Tiena Teese","AlbumName 41","Folk"
542,"Amaleta Baptista","AlbumName 42","Rock"
543,"Dur Drohan","AlbumName 43","Soul"
544,"Obidiah Taaffe","AlbumName 44","Electronic"
545,"Niall Delahunty","AlbumName 45","Electronic"
794,"Layney Hesse","AlbumName 294","Pop"
546,"Frasco Dadson","AlbumName 46","Blues"
795,"Vinny Robeson","AlbumName 295","Folk"
547,"Tulley Bim","AlbumName 47","Jazz"
796,"Orran Battison","AlbumName 296","Soul"
548,"Renell de Wilde","AlbumName 48","Rock"
797,"Ruttger Bugdall","AlbumName 297","Pop"
549,"Smitty Ecles","AlbumName 49","Blues"
798,"Christos Cords","AlbumName 298","Pop"
550,"Alfie Messenger","AlbumName 50","Latin"
799,"Liam Judkins","AlbumName 299","Country"
551,"Cleon Roderighi","AlbumName 51","Blues"
800,"Ermentrude McCulloch","AlbumName 300","Jazz"
552,"Corinna Fasler","AlbumName 52","Pop"
801,"Corny Stanion","AlbumName 301","Pop"
553,"Alvie Ram","AlbumName 53","Electronic"
802,"Jamey Fallow","AlbumName 302","Soul"
554,"Layney Ranfield","AlbumName 54","Folk"
803,"Toni Wilmington","AlbumName 303","Country"
555,"Tarra Lambell","AlbumName 55","Electronic"
804,"Rourke Breydin","AlbumName 304","Latin"
556,"Erny Ealden","AlbumName 56","Comedy"
805,"Michale Yousef","AlbumName 305","Country"
557,"Theda Cominetti","AlbumName 57","Rock"
806,"Aguistin Lucien","AlbumName 306","Pop"
558,"Chandal Grigori","AlbumName 58","Pop"
807,"Frankie Finicj","AlbumName 307","Country"
559,"Pierette Teresi","AlbumName 59","Latin"
808,"Arther Jirek","AlbumName 308","Electronic"
560,"Susi Foot","AlbumName 60","Soul"
809,"Xenia Troppmann","AlbumName 309","Latin"
561,"Denny Itzkovici","AlbumName 61","Latin"
810,"Brien Skaif","AlbumName 310","Comedy"
562,"Roderic Dellow","AlbumName 62","Comedy"
811,"Raymond Junkin","AlbumName 311","Folk"
563,"Smitty Hawkwood","AlbumName 63","Folk"
812,"Trenton Temblett","AlbumName 312","Folk"
564,"Ninnette Martinson","AlbumName 64","Rock"
813,"Worden Smeal","AlbumName 313","Latin"
565,"Udale Barkas","AlbumName 65","Soul"
814,"Gaven Hansie","AlbumName 314","Electronic"
566,"Sherye Baddiley","AlbumName 66","Latin"
815,"Scarface Ullett","AlbumName 315","Folk"
567,"Maxie Stuckey","AlbumName 67","Pop"
816,"Kala Legier","AlbumName 316","Electronic"
568,"Stanly Conibeer","AlbumName 68","Rock"
817,"Rodge Kincade","AlbumName 317","Rock"
569,"Gill Zannini","AlbumName 69","Rock"
818,"Nada Garratt","AlbumName 318","Soul"
570,"Jerry Henderson","AlbumName 70","Soul"
819,"Armand Kippax","AlbumName 319","Rock"
571,"Ginnifer Stelljes","AlbumName 71","Latin"
820,"Gale Greenshields","AlbumName 320","Comedy"
572,"Norry Wyndham","AlbumName 72","Latin"
821,"Sharline Vassbender","AlbumName 321","Folk"
573,"Timothea Brissenden","AlbumName 73","Electronic"
822,"Hillyer Sharpe","AlbumName 322","Rock"
574,"Britt Youson","AlbumName 74","Electronic"
823,"Dur Kegg","AlbumName 323","Folk"
575,"Loreen Batho","AlbumName 75","Comedy"
824,"Estel Shippam","AlbumName 324","Electronic"
576,"Kimmi Greensitt","AlbumName 76","Jazz"
825,"Steffen Roome","AlbumName 325","Pop"
577,"Oran Klain","AlbumName 77","Blues"
826,"Link Seide","AlbumName 326","Electronic"
578,"Stanton Brosoli","AlbumName 78","Jazz"
827,"Estele Grover","AlbumName 327","Electronic"
579,"Sterne Deards","AlbumName 79","Soul"
828,"Lilith Handmore","AlbumName 328","Rock"
580,"Sharona McGloin","AlbumName 80","Jazz"
829,"Layla Braney","AlbumName 329","Comedy"
581,"Kirbee Piotrowski","AlbumName 81","Country"
830,"Benn Castella","AlbumName 330","Pop"
582,"Hubie Garvie","AlbumName 82","Rock"
831,"Nolana Senogles","AlbumName 331","Rock"
583,"Lorrie Gurnell","AlbumName 83","Pop"
832,"Ferdinande Dannett","AlbumName 332","Comedy"
584,"Daisey Edes","AlbumName 84","Rock"
833,"Josephina Aleavy","AlbumName 333","Electronic"
585,"Angela Sleeny","AlbumName 85","Folk"
834,"Barry Silcock","AlbumName 334","Country"
586,"Vernen Baxendale","AlbumName 86","Blues"
835,"Man Huebner","AlbumName 335","Electronic"
587,"Mildrid Gallear","AlbumName 87","Comedy"
836,"Tait Melsom","AlbumName 336","Country"
588,"Livvie Gillease","AlbumName 88","Country"
837,"Manda Windless","AlbumName 337","Comedy"
589,"Berte Tommei","AlbumName 89","Folk"
838,"Farly Neary","AlbumName 338","Blues"
590,"Yorgos Simonitto","AlbumName 90","Folk"
839,"Margarette Blodg","AlbumName 339","Comedy"
591,"Broderic Kimberley","AlbumName 91","Blues"
840,"Rochell Pim","AlbumName 340","Electronic"
592,"Mab Lascelles","AlbumName 92","Rock"
841,"Brewer McNulty","AlbumName 341","Rock"
593,"Zuzana Benthall","AlbumName 93","Soul"
842,"Barrie Nutkin","AlbumName 342","Folk"
594,"Rita MacBrearty","AlbumName 94","Jazz"
843,"Vivyan Claypole","AlbumName 343","Folk"
595,"Tommie Cawthron","AlbumName 95","Rock"
844,"Fax Cazin","AlbumName 344","Blues"
596,"Bearnard Ducarne","AlbumName 96","Pop"
845,"Debra Herley","AlbumName 345","Blues"
597,"Ronda Lemmanbie","AlbumName 97","Blues"
846,"Lethia Swynley","AlbumName 346","Country"
598,"Davon Creavan","AlbumName 98","Rock"
847,"Bobine Nyssen","AlbumName 347","Electronic"
599,"Britte Micklem","AlbumName 99","Electronic"
848,"Hans Glen","AlbumName 348","Blues"
600,"Ermengarde Trass","AlbumName 100","Comedy"
849,"Maryann Gherardi","AlbumName 349","Folk"
601,"Cosmo Minette","AlbumName 101","Soul"
850,"Charisse Hakeworth","AlbumName 350","Comedy"
602,"Kelly Brothers","AlbumName 102","Rock"
851,"Justinn MacGragh","AlbumName 351","Folk"
603,"Gunter Cossington","AlbumName 103","Blues"
852,"Esteban Dewhurst","AlbumName 352","Comedy"
604,"Gavin Giovannardi","AlbumName 104","Jazz"
853,"Jerri Arendsen","AlbumName 353","Soul"
605,"Prescott Maunder","AlbumName 105","Blues"
854,"Tricia Hollingdale","AlbumName 354","Blues"
606,"Barbara Moring","AlbumName 106","Comedy"
855,"Jamal Bullion","AlbumName 355","Soul"
607,"Gratiana Elsop","AlbumName 107","Soul"
856,"Ruthe Stranio","AlbumName 356","Latin"
608,"Lynn Willbraham","AlbumName 108","Comedy"
857,"Maxie Skedgell","AlbumName 357","Soul"
609,"Tod Heild","AlbumName 109","Blues"
858,"Weston Toward","AlbumName 358","Jazz"
610,"Elita Cadalleder","AlbumName 110","Electronic"
859,"Joyann Filoniere","AlbumName 359","Pop"
611,"Alexis Tweddle","AlbumName 111","Soul"
860,"Alta Paley","AlbumName 360","Country"
861,"Oswell Jepp","AlbumName 361","Rock"
612,"Desmond Renne","AlbumName 112","Latin"
862,"Elberta Bulfoot","AlbumName 362","Jazz"
613,"Aurthur Daveren","AlbumName 113","Jazz"
863,"Bevan Duffil","AlbumName 363","Electronic"
614,"Raffarty Attwood","AlbumName 114","Blues"
864,"Luz Frankes","AlbumName 364","Jazz"
615,"Karlene Ismirnioglou","AlbumName 115","Pop"
865,"Elisha Lynagh","AlbumName 365","Country"
616,"Freddi Pittel","AlbumName 116","Soul"
866,"Rhianon Wynne","AlbumName 366","Soul"
617,"Mattie Rabbet","AlbumName 117","Pop"
867,"Goldia Godain","AlbumName 367","Soul"
618,"Janelle Johnson","AlbumName 118","Latin"
619,"Pearl Burgise","AlbumName 119","Pop"
868,"Samson Garaway","AlbumName 368","Latin"
620,"Lizbeth Pallin","AlbumName 120","Jazz"
869,"Verla Crosswaite","AlbumName 369","Comedy"
621,"Joyous Mitchiner","AlbumName 121","Soul"
870,"Henrietta Cage","AlbumName 370","Pop"
622,"George Brownbridge","AlbumName 122","Soul"
871,"Mauricio Conn","AlbumName 371","Country"
623,"Shannon Meneely","AlbumName 123","Soul"
872,"Rudolph Figin","AlbumName 372","Comedy"
624,"Cozmo Cains","AlbumName 124","Soul"
625,"Ina O'Bradane","AlbumName 125","Rock"
873,"Maura Tallis","AlbumName 373","Jazz"
626,"Maureene Sollam","AlbumName 126","Latin"
874,"Laurella Tempest","AlbumName 374","Pop"
875,"Trey Ebdon","AlbumName 375","Rock"
627,"Evvy Rickesies","AlbumName 127","Soul"
628,"Burton Skillitt","AlbumName 128","Rock"
876,"Camile Haestier","AlbumName 376","Folk"
629,"Aeriell Downe","AlbumName 129","Comedy"
877,"Sharai Letherbury","AlbumName 377","Electronic"
630,"Melisande Rieme","AlbumName 130","Latin"
878,"Raimondo Sealand","AlbumName 378","Blues"
631,"Sanders De Castri","AlbumName 131","Electronic"
879,"Ericka Keningley","AlbumName 379","Electronic"
632,"Renell Piwall","AlbumName 132","Rock"
880,"Sondra Camolli","AlbumName 380","Comedy"
633,"Shurlock Anning","AlbumName 133","Electronic"
881,"Berk Levene","AlbumName 381","Rock"
634,"Ravi Dragge","AlbumName 134","Country"
882,"Gratiana Lohden","AlbumName 382","Country"
635,"Chrissie La Padula","AlbumName 135","Blues"
883,"Loleta Gronous","AlbumName 383","Latin"
636,"Florrie Sterte","AlbumName 136","Country"
884,"Angus Schimek","AlbumName 384","Soul"
637,"Eleonore Buick","AlbumName 137","Electronic"
885,"Tabatha Wallworth","AlbumName 385","Rock"
638,"Aeriel Cashley","AlbumName 138","Folk"
886,"Wallie Zanini","AlbumName 386","Electronic"
639,"Nadeen Mosdall","AlbumName 139","Comedy"
887,"Mela Leithgoe","AlbumName 387","Blues"
640,"Crissie Leffek","AlbumName 140","Soul"
888,"Michelle Atlay","AlbumName 388","Country"
641,"Ive Phillp","AlbumName 141","Rock"
889,"Israel Christophle","AlbumName 389","Comedy"
642,"Raynard Isaac","AlbumName 142","Pop"
890,"Sidoney Lejeune","AlbumName 390","Pop"
643,"Cordy Devereux","AlbumName 143","Blues"
891,"Brew Mosdell","AlbumName 391","Electronic"
644,"Cross Fairy","AlbumName 144","Electronic"
892,"Gertie Kinsey","AlbumName 392","Comedy"
645,"Cory Sotheby","AlbumName 145","Blues"
893,"Stavro Udey","AlbumName 393","Rock"
646,"Carolyn Guillart","AlbumName 146","Folk"
894,"Adolpho Helks","AlbumName 394","Rock"
647,"Carroll Veldman","AlbumName 147","Jazz"
895,"Kesley Rubica","AlbumName 395","Comedy"
648,"Anton Sacks","AlbumName 148","Soul"
649,"Justinian Ladell","AlbumName 149","Country"
896,"Charisse Van der Linde","AlbumName 396","Latin"
650,"Bartram Dagwell","AlbumName 150","Soul"
897,"Ede O'Hartagan","AlbumName 397","Country"
651,"Kip Kagan","AlbumName 151","Electronic"
898,"Devi McSweeney","AlbumName 398","Electronic"
652,"Ingaberg Brito","AlbumName 152","Comedy"
899,"Jakie McCaughan","AlbumName 399","Blues"
653,"Juliann De Haven","AlbumName 153","Pop"
900,"Nichole McKeown","AlbumName 400","Country"
654,"Dore Dragoe","AlbumName 154","Comedy"
901,"Ingeborg Bartaloni","AlbumName 401","Soul"
655,"Ardys Ridehalgh","AlbumName 155","Electronic"
902,"Kakalina Knappitt","AlbumName 402","Rock"
656,"Marje Windas","AlbumName 156","Rock"
903,"Juieta Guiot","AlbumName 403","Pop"
657,"Raffaello Van Eeden","AlbumName 157","Comedy"
904,"Georgeta Sawdy","AlbumName 404","Latin"
658,"Orelie Sprey","AlbumName 158","Soul"
905,"Orion Barbour","AlbumName 405","Folk"
659,"Milly McNay","AlbumName 159","Soul"
906,"Susanetta Callway","AlbumName 406","Soul"
660,"Dalston Binner","AlbumName 160","Jazz"
907,"Caril Banford","AlbumName 407","Jazz"
661,"Cyndy Mc Gorley","AlbumName 161","Jazz"
908,"Alyosha Wanjek","AlbumName 408","Pop"
662,"Felic Geerdts","AlbumName 162","Latin"
909,"Neel Willison","AlbumName 409","Pop"
663,"Eudora Seamons","AlbumName 163","Blues"
910,"Ina Woodland","AlbumName 410","Country"
664,"Silvan Davenhill","AlbumName 164","Latin"
911,"Aime McCullough","AlbumName 411","Rock"
665,"Hymie Aronovich","AlbumName 165","Soul"
912,"Estel Plumer","AlbumName 412","Rock"
666,"Quintin MacArd","AlbumName 166","Soul"
913,"Leanora Retchford","AlbumName 413","Country"
667,"Friederike Melross","AlbumName 167","Jazz"
914,"Rasla Itzkov","AlbumName 414","Blues"
668,"Maible Hablet","AlbumName 168","Jazz"
669,"Kip Murrison","AlbumName 169","Soul"
915,"Bondon Middlemass","AlbumName 415","Soul"
670,"Rici Burgill","AlbumName 170","Comedy"
916,"Trumann Reubens","AlbumName 416","Comedy"
671,"Gaultiero Drinkale","AlbumName 171","Latin"
917,"Blinnie Hindenburg","AlbumName 417","Comedy"
672,"Patty Sarvar","AlbumName 172","Blues"
918,"Jermaine Haw","AlbumName 418","Latin"
673,"Calypso Durtnall","AlbumName 173","Country"
919,"Loutitia Lahiff","AlbumName 419","Latin"
674,"Karolina Woolager","AlbumName 174","Latin"
920,"Guthry Eales","AlbumName 420","Country"
675,"Lydie Server","AlbumName 175","Electronic"
921,"Jamal Blackah","AlbumName 421","Blues"
676,"Averil Stert","AlbumName 176","Comedy"
922,"Curtice Dible","AlbumName 422","Country"
677,"Mitchael Newcomen","AlbumName 177","Pop"
923,"Ailey Alfonsetti","AlbumName 423","Pop"
678,"Wileen Rotherham","AlbumName 178","Pop"
924,"Morty Ocheltree","AlbumName 424","Pop"
679,"Eddie Whitehair","AlbumName 179","Blues"
925,"Dyann Antwis","AlbumName 425","Folk"
680,"Sergio Flawith","AlbumName 180","Latin"
926,"Kristine Gandar","AlbumName 426","Electronic"
681,"Raul Sussems","AlbumName 181","Pop"
927,"Baudoin Trank","AlbumName 427","Comedy"
682,"Harrison Morat","AlbumName 182","Rock"
928,"Saunders Sheber","AlbumName 428","Blues"
683,"Guglielma Kynson","AlbumName 183","Comedy"
684,"Garrott Marklew","AlbumName 184","Jazz"
929,"Tami Redihough","AlbumName 429","Soul"
930,"Esra Western","AlbumName 430","Soul"
685,"Paulita Laight","AlbumName 185","Rock"
686,"Dennie MacKilroe","AlbumName 186","Comedy"
931,"Victoria Duell","AlbumName 431","Comedy"
687,"Adriaens Dunbleton","AlbumName 187","Soul"
932,"Agathe Treace","AlbumName 432","Country"
688,"Griz Harbisher","AlbumName 188","Blues"
933,"Steward Saywell","AlbumName 433","Jazz"
689,"Morena Mardling","AlbumName 189","Soul"
934,"Othilie Heifer","AlbumName 434","Comedy"
690,"Demetra Monsey","AlbumName 190","Comedy"
935,"Giulietta Dallender","AlbumName 435","Blues"
691,"Elysia Lanon","AlbumName 191","Pop"
936,"Andros Scoffham","AlbumName 436","Soul"
692,"Belia Marre","AlbumName 192","Jazz"
693,"Wain Mark","AlbumName 193","Comedy"
937,"Jada Thow","AlbumName 437","Electronic"
694,"Nat Tarn","AlbumName 194","Country"
938,"Estelle Jonah","AlbumName 438","Rock"
695,"Bent Flear","AlbumName 195","Rock"
939,"Titus Aslie","AlbumName 439","Jazz"
696,"Vilhelmina Shefton","AlbumName 196","Blues"
940,"Filmer Gavaran","AlbumName 440","Soul"
697,"Helaine Dunphy","AlbumName 197","Latin"
941,"Mateo Traher","AlbumName 441","Rock"
698,"Barb Thewlis","AlbumName 198","Soul"
942,"Paule Abrahami","AlbumName 442","Jazz"
699,"Rozalie Dietsche","AlbumName 199","Soul"
943,"Jammal Hartell","AlbumName 443","Blues"
700,"Danica Glasser","AlbumName 200","Blues"
944,"Gisela Coppin","AlbumName 444","Pop"
701,"Gaven Goade","AlbumName 201","Latin"
702,"Gerick Zimmer","AlbumName 202","Country"
945,"Duff Rochelle","AlbumName 445","Latin"
703,"Rhoda Lambole","AlbumName 203","Folk"
946,"Mikol Lennarde","AlbumName 446","Jazz"
704,"Vinita Managh","AlbumName 204","Pop"
947,"Kira Thatcham","AlbumName 447","Pop"
705,"Benson Furtado","AlbumName 205","Comedy"
948,"Louisette Collicott","AlbumName 448","Comedy"
706,"Prudi Crookston","AlbumName 206","Soul"
949,"Cristine Deddum","AlbumName 449","Pop"
707,"Annabelle Wetter","AlbumName 207","Electronic"
950,"Oralle Kingsman","AlbumName 450","Pop"
708,"Garrek Andrus","AlbumName 208","Electronic"
951,"Wyndham Arney","AlbumName 451","Jazz"
709,"Niel Chivrall","AlbumName 209","Folk"
952,"Lucia Ambrosch","AlbumName 452","Country"
710,"Beverlee Arents","AlbumName 210","Country"
953,"Dud Macartney","AlbumName 453","Rock"
711,"Wallis Belchamber","AlbumName 211","Blues"
954,"Flss McDermid","AlbumName 454","Comedy"
712,"Corbie Rustman","AlbumName 212","Folk"
955,"Ab Kenewel","AlbumName 455","Jazz"
713,"Ede Howells","AlbumName 213","Pop"
956,"Minnnie Smeeton","AlbumName 456","Electronic"
714,"Morna Hogbourne","AlbumName 214","Jazz"
957,"Clarke Pinor","AlbumName 457","Folk"
715,"Cornela Manntschke","AlbumName 215","Soul"
958,"Giulietta Wick","AlbumName 458","Blues"
716,"Murvyn Pugsley","AlbumName 216","Rock"
959,"Claude Towey","AlbumName 459","Pop"
717,"Jehanna Macknish","AlbumName 217","Latin"
960,"Rurik Barents","AlbumName 460","Pop"
718,"Reba Hymers","AlbumName 218","Jazz"
961,"Margret Stormont","AlbumName 461","Rock"
719,"Becca Ivashev","AlbumName 219","Folk"
962,"Jobyna Adriaens","AlbumName 462","Pop"
720,"Burnard Chawkley","AlbumName 220","Pop"
963,"Lew Critten","AlbumName 463","Country"
721,"Keelby Powter","AlbumName 221","Country"
964,"Inger Lenney","AlbumName 464","Jazz"
722,"Kelcie Bengtson","AlbumName 222","Latin"
965,"Vicky Papes","AlbumName 465","Blues"
723,"Deanna Blackey","AlbumName 223","Rock"
966,"Pierre Codd","AlbumName 466","Blues"
724,"Ellette Yell","AlbumName 224","Rock"
967,"Brett Brushneen","AlbumName 467","Pop"
725,"Sonny Cud","AlbumName 225","Comedy"
968,"Feodor Blampied","AlbumName 468","Electronic"
726,"Walker Ivashechkin","AlbumName 226","Electronic"
969,"Tommy Ledstone","AlbumName 469","Rock"
727,"Cynthea Meeus","AlbumName 227","Jazz"
970,"Tracey Flea","AlbumName 470","Country"
728,"Bronny Beville","AlbumName 228","Latin"
971,"Ab Plaid","AlbumName 471","Pop"
729,"Georgiana Drinkall","AlbumName 229","Rock"
972,"Joli Alan","AlbumName 472","Comedy"
730,"Hernando Faherty","AlbumName 230","Electronic"
973,"Fonz MacNucator","AlbumName 473","Folk"
731,"Martie Burditt","AlbumName 231","Folk"
974,"Yorgos Bowstead","AlbumName 474","Rock"
732,"Lory Jiggle","AlbumName 232","Country"
975,"Joscelin Challin","AlbumName 475","Jazz"
733,"Reynold Blenkensop","AlbumName 233","Electronic"
976,"Mora Fozard","AlbumName 476","Comedy"
734,"Harmonia Gabbot","AlbumName 234","Electronic"
977,"Jerald Torrance","AlbumName 477","Blues"
735,"Katey Eldredge","AlbumName 235","Blues"
978,"Josefa Barrand","AlbumName 478","Latin"
736,"Lena Dubique","AlbumName 236","Soul"
979,"Larina Gerran","AlbumName 479","Blues"
737,"Gaby Twizell","AlbumName 237","Comedy"
980,"Edgardo Nerger","AlbumName 480","Electronic"
738,"Edgard McMurraya","AlbumName 238","Comedy"
981,"Jacqui Gillimgham","AlbumName 481","Blues"
739,"Blaire Sheering","AlbumName 239","Rock"
982,"Findlay Cowser","AlbumName 482","Folk"
740,"Agnola O'Kinneally","AlbumName 240","Rock"
983,"Ogden Le Noir","AlbumName 483","Latin"
741,"Tomasine Zucker","AlbumName 241","Folk"
742,"Abbie Lytle","AlbumName 242","Soul"
984,"Elita Pashenkov","AlbumName 484","Jazz"
743,"Nels Spoole","AlbumName 243","Jazz"
985,"Percy Mapholm","AlbumName 485","Comedy"
744,"Brand Chatelain","AlbumName 244","Pop"
986,"Devon Brasseur","AlbumName 486","Blues"
745,"Ode Drinnan","AlbumName 245","Latin"
987,"Emmit Mavin","AlbumName 487","Folk"
746,"Marcie Boow","AlbumName 246","Electronic"
988,"Sidonnie Follos","AlbumName 488","Blues"
747,"Kelcie Bowra","AlbumName 247","Pop"
989,"Pauly McKeaveney","AlbumName 489","Pop"
748,"Bil Robelet","AlbumName 248","Soul"
990,"Brandea Havercroft","AlbumName 490","Pop"
749,"Euell Hollyland","AlbumName 249","Country"
991,"Rosabel Lanmeid","AlbumName 491","Electronic"
750,"Phip Kinforth","AlbumName 250","Country"
992,"Allyn Gaudon","AlbumName 492","Rock"
993,"Lishe Abson","AlbumName 493","Folk"
994,"Martainn Robic","AlbumName 494","Country"
995,"Whitman Tudge","AlbumName 495","Pop"
996,"Dulcie Drayson","AlbumName 496","Rock"
997,"Byram Epilet","AlbumName 497","Electronic"
998,"Hakeem Sumpter","AlbumName 498","Electronic"
999,"Bay Clulee","AlbumName 499","Electronic"
1000,"Orton Lomis","AlbumName 500","Electronic"
