751,"Elwood Fairbridge","AlbumName 251","Jazz"
752,"Norri Dartnell","AlbumName 252","Folk"
753,"Alexina Rowney","AlbumName 253","Folk"
754,"Melania Southworth","AlbumName 254","Blues"
755,"Brand Rodrigo","AlbumName 255","Blues"
756,"Lia Myhill","AlbumName 256","Soul"
757,"Jeanette Frankel","AlbumName 257","Blues"
758,"Helen-elizabeth Davana","AlbumName 258","Soul"
759,"Gradey Pigny","AlbumName 259","Pop"
501,"Emile Gain","AlbumName 1","Country"
760,"Augie Clemendet","AlbumName 260","Comedy"
502,"Philipa Skade","AlbumName 2","Blues"
503,"Odele Gownge","AlbumName 3","Pop"
504,"Skipp Tolomio","AlbumName 4","Blues"
761,"Valencia Tessier","AlbumName 261","Comedy"
505,"Kenon Baybutt","AlbumName 5","Comedy"
762,"Winfred Claw","AlbumName 262","Blues"
506,"Korrie Speeding","AlbumName 6","Pop"
507,"Blondelle Stancer","AlbumName 7","Soul"
508,"Kirk Arlt","AlbumName 8","Soul"
763,"Sam McIlmorow","AlbumName 263","Jazz"
509,"Tallie Fletcher","AlbumName 9","Comedy"
510,"Augustine Castagna","AlbumName 10","Folk"
511,"Merrile Twinborough","AlbumName 11","Jazz"
764,"Piper Siney","AlbumName 264","Electronic"
512,"Ray Taleworth","AlbumName 12","Blues"
765,"Dana Sloegrave","AlbumName 265","Jazz"
513,"Vergil Buswell","AlbumName 13","Pop"
766,"Calla Millership","AlbumName 266","Blues"
514,"Diarmid Nern","AlbumName 14","Soul"
767,"Julissa Lipman","AlbumName 267","Soul"
515,"Ronda Iffe","AlbumName 15","Country"
768,"Chandra Pallasch","AlbumName 268","Jazz"
516,"Jory Lindenbluth","AlbumName 16","Latin"
769,"Filmer Grigg","AlbumName 269","Latin"
517,"Rem Nendick","AlbumName 17","Folk"
770,"Reinhold Pantling","AlbumName 270","Comedy"
518,"Uri Silber","AlbumName 18","Jazz"
771,"Adina Chilton","AlbumName 271","Blues"
519,"Claudio Kerswell","AlbumName 19","Latin"
772,"Agatha Karlsen","AlbumName 272","Rock"
520,"Blondie Darbey","AlbumName 20","Latin"
521,"Hartwell Figura","AlbumName 21","Folk"
773,"Florida Kingsland","AlbumName 273","Electronic"
522,"Brendis Azemar","AlbumName 22","Latin"
774,"Emmanuel Orhtmann","AlbumName 274","Latin"
523,"Costa Byrd","AlbumName 23","Country"
775,"Cleopatra Mahomet","AlbumName 275","Pop"
524,"Ruby Benediktsson","AlbumName 24","Blues"
776,"Rodger Cummins","AlbumName 276","Latin"
525,"Bride Sweating","AlbumName 25","Pop"
777,"Tammi Rogan","AlbumName 277","Soul"
526,"Parry Leynagh","AlbumName 26","Pop"
778,"Lizette Bissatt","AlbumName 278","Electronic"
527,"Timmie Jorin","AlbumName 27","Rock"
779,"Tadeas Heaton","AlbumName 279","Jazz"
528,"Osborne Winfield","AlbumName 28","Country"
780,"Giffer Shall","AlbumName 280","Jazz"
529,"Shellysheldon Le Cornu","AlbumName 29","Pop"
781,"Lindy Bladge","AlbumName 281","Rock"
530,"Henderson Pragnall","AlbumName 30","Pop"
782,"Bailie Boles","AlbumName 282","Pop"
531,"Jacinta Findlow","AlbumName 31","Electronic"
783,"Foss Dicken","AlbumName 283","Country"
532,"Melisenda Braizier","AlbumName 32","Latin"
784,"Jandy Jermyn","AlbumName 284","Jazz"
533,"Marietta Pizzey","AlbumName 33","Country"
534,"Todd Vearncombe","AlbumName 34","Soul"
785,"Zora Guerin","AlbumName 285","Electronic"
535,"Earlie Godain","AlbumName 35","Blues"
786,"Alexander Loomes","AlbumName 286","Pop"
536,"Myriam Edgerly","AlbumName 36","Comedy"
787,"Ketti Senescall","AlbumName 287","Jazz"
537,"Hetti Buzzing","AlbumName 37","Soul"
788,"Maxine Eisikovitsh","AlbumName 288","Electronic"
538,"Cointon Pirrie","AlbumName 38","Blues"
789,"Tiler Sentinella","AlbumName 289","Jazz"
539,"Debor Weymont","AlbumName 39","Soul"
790,"Deck Matczak","AlbumName 290","Jazz"
540,"Amerigo Auguste","AlbumName 40","Country"
541,"Tiena Teese","AlbumName 41","Folk"
791,"Steffane Reinmar","AlbumName 291","Blues"
542,"Amaleta Baptista","AlbumName 42","Rock"
792,"Lorne Biggans","AlbumName 292","Latin"
543,"Dur Drohan","AlbumName 43","Soul"
793,"Dalis Podd","AlbumName 293","Blues"
544,"Obidiah Taaffe","AlbumName 44","Electronic"
794,"Layney Hesse","AlbumName 294","Pop"
795,"Vinny Robeson","AlbumName 295","Folk"
545,"Niall Delahunty","AlbumName 45","Electronic"
546,"Frasco Dadson","AlbumName 46","Blues"
796,"Orran Battison","AlbumName 296","Soul"
797,"Ruttger Bugdall","AlbumName 297","Pop"
547,"Tulley Bim","AlbumName 47","Jazz"
798,"Christos Cords","AlbumName 298","Pop"
548,"Renell de Wilde","AlbumName 48","Rock"
799,"Liam Judkins","AlbumName 299","Country"
549,"Smitty Ecles","AlbumName 49","Blues"
800,"Ermentrude McCulloch","AlbumName 300","Jazz"
550,"Alfie Messenger","AlbumName 50","Latin"
801,"Corny Stanion","AlbumName 301","Pop"
551,"Cleon Roderighi","AlbumName 51","Blues"
552,"Corinna Fasler","AlbumName 52","Pop"
802,"Jamey Fallow","AlbumName 302","Soul"
553,"Alvie Ram","AlbumName 53","Electronic"
803,"Toni Wilmington","AlbumName 303","Country"
554,"Layney Ranfield","AlbumName 54","Folk"
804,"Rourke Breydin","AlbumName 304","Latin"
555,"Tarra Lambell","AlbumName 55","Electronic"
805,"Michale Yousef","AlbumName 305","Country"
556,"Erny Ealden","AlbumName 56","Comedy"
806,"Aguistin Lucien","AlbumName 306","Pop"
557,"Theda Cominetti","AlbumName 57","Rock"
807,"Frankie Finicj","AlbumName 307","Country"
558,"Chandal Grigori","AlbumName 58","Pop"
808,"Arther Jirek","AlbumName 308","Electronic"
559,"Pierette Teresi","AlbumName 59","Latin"
560,"Susi Foot","AlbumName 60","Soul"
809,"Xenia Troppmann","AlbumName 309","Latin"
561,"Denny Itzkovici","AlbumName 61","Latin"
810,"Brien Skaif","AlbumName 310","Comedy"
562,"Roderic Dellow","AlbumName 62","Comedy"
811,"Raymond Junkin","AlbumName 311","Folk"
563,"Smitty Hawkwood","AlbumName 63","Folk"
564,"Ninnette Martinson","AlbumName 64","Rock"
565,"Udale Barkas","AlbumName 65","Soul"
566,"Sherye Baddiley","AlbumName 66","Latin"
567,"Maxie Stuckey","AlbumName 67","Pop"
812,"Trenton Temblett","AlbumName 312","Folk"
568,"Stanly Conibeer","AlbumName 68","Rock"
813,"Worden Smeal","AlbumName 313","Latin"
569,"Gill Zannini","AlbumName 69","Rock"
814,"Gaven Hansie","AlbumName 314","Electronic"
570,"Jerry Henderson","AlbumName 70","Soul"
571,"Ginnifer Stelljes","AlbumName 71","Latin"
815,"Scarface Ullett","AlbumName 315","Folk"
816,"Kala Legier","AlbumName 316","Electronic"
572,"Norry Wyndham","AlbumName 72","Latin"
573,"Timothea Brissenden","AlbumName 73","Electronic"
817,"Rodge Kincade","AlbumName 317","Rock"
574,"Britt Youson","AlbumName 74","Electronic"
575,"Loreen Batho","AlbumName 75","Comedy"
818,"Nada Garratt","AlbumName 318","Soul"
576,"Kimmi Greensitt","AlbumName 76","Jazz"
819,"Armand Kippax","AlbumName 319","Rock"
577,"Oran Klain","AlbumName 77","Blues"
820,"Gale Greenshields","AlbumName 320","Comedy"
578,"Stanton Brosoli","AlbumName 78","Jazz"
821,"Sharline Vassbender","AlbumName 321","Folk"
822,"Hillyer Sharpe","AlbumName 322","Rock"
579,"Sterne Deards","AlbumName 79","Soul"
823,"Dur Kegg","AlbumName 323","Folk"
824,"Estel Shippam","AlbumName 324","Electronic"
825,"Steffen Roome","AlbumName 325","Pop"
826,"Link Seide","AlbumName 326","Electronic"
827,"Estele Grover","AlbumName 327","Electronic"
828,"Lilith Handmore","AlbumName 328","Rock"
829,"Layla Braney","AlbumName 329","Comedy"
580,"Sharona McGloin","AlbumName 80","Jazz"
830,"Benn Castella","AlbumName 330","Pop"
581,"Kirbee Piotrowski","AlbumName 81","Country"
831,"Nolana Senogles","AlbumName 331","Rock"
582,"Hubie Garvie","AlbumName 82","Rock"
832,"Ferdinande Dannett","AlbumName 332","Comedy"
583,"Lorrie Gurnell","AlbumName 83","Pop"
584,"Daisey Edes","AlbumName 84","Rock"
833,"Josephina Aleavy","AlbumName 333","Electronic"
585,"Angela Sleeny","AlbumName 85","Folk"
834,"Barry Silcock","AlbumName 334","Country"
586,"Vernen Baxendale","AlbumName 86","Blues"
835,"Man Huebner","AlbumName 335","Electronic"
587,"Mildrid Gallear","AlbumName 87","Comedy"
588,"Livvie Gillease","AlbumName 88","Country"
836,"Tait Melsom","AlbumName 336","Country"
589,"Berte Tommei","AlbumName 89","Folk"
590,"Yorgos Simonitto","AlbumName 90","Folk"
591,"Broderic Kimberley","AlbumName 91","Blues"
592,"Mab Lascelles","AlbumName 92","Rock"
593,"Zuzana Benthall","AlbumName 93","Soul"
594,"Rita MacBrearty","AlbumName 94","Jazz"
595,"Tommie Cawthron","AlbumName 95","Rock"
596,"Bearnard Ducarne","AlbumName 96","Pop"
837,"Manda Windless","AlbumName 337","Comedy"
597,"Ronda Lemmanbie","AlbumName 97","Blues"
838,"Farly Neary","AlbumName 338","Blues"
598,"Davon Creavan","AlbumName 98","Rock"
839,"Margarette Blodg","AlbumName 339","Comedy"
599,"Britte Micklem","AlbumName 99","Electronic"
840,"Rochell Pim","AlbumName 340","Electronic"
600,"Ermengarde Trass","AlbumName 100","Comedy"
601,"Cosmo Minette","AlbumName 101","Soul"
841,"Brewer McNulty","AlbumName 341","Rock"
602,"Kelly Brothers","AlbumName 102","Rock"
842,"Barrie Nutkin","AlbumName 342","Folk"
603,"Gunter Cossington","AlbumName 103","Blues"
604,"Gavin Giovannardi","AlbumName 104","Jazz"
843,"Vivyan Claypole","AlbumName 343","Folk"
605,"Prescott Maunder","AlbumName 105","Blues"
606,"Barbara Moring","AlbumName 106","Comedy"
844,"Fax Cazin","AlbumName 344","Blues"
607,"Gratiana Elsop","AlbumName 107","Soul"
845,"Debra Herley","AlbumName 345","Blues"
608,"Lynn Willbraham","AlbumName 108","Comedy"
846,"Lethia Swynley","AlbumName 346","Country"
609,"Tod Heild","AlbumName 109","Blues"
610,"Elita Cadalleder","AlbumName 110","Electronic"
847,"Bobine Nyssen","AlbumName 347","Electronic"
611,"Alexis Tweddle","AlbumName 111","Soul"
848,"Hans Glen","AlbumName 348","Blues"
612,"Desmond Renne","AlbumName 112","Latin"
849,"Maryann Gherardi","AlbumName 349","Folk"
613,"Aurthur Daveren","AlbumName 113","Jazz"
614,"Raffarty Attwood","AlbumName 114","Blues"
850,"Charisse Hakeworth","AlbumName 350","Comedy"
615,"Karlene Ismirnioglou","AlbumName 115","Pop"
851,"Justinn MacGragh","AlbumName 351","Folk"
616,"Freddi Pittel","AlbumName 116","Soul"
852,"Esteban Dewhurst","AlbumName 352","Comedy"
617,"Mattie Rabbet","AlbumName 117","Pop"
618,"Janelle Johnson","AlbumName 118","Latin"
853,"Jerri Arendsen","AlbumName 353","Soul"
619,"Pearl Burgise","AlbumName 119","Pop"
854,"Tricia Hollingdale","AlbumName 354","Blues"
620,"Lizbeth Pallin","AlbumName 120","Jazz"
855,"Jamal Bullion","AlbumName 355","Soul"
621,"Joyous Mitchiner","AlbumName 121","Soul"
622,"George Brownbridge","AlbumName 122","Soul"
856,"Ruthe Stranio","AlbumName 356","Latin"
623,"Shannon Meneely","AlbumName 123","Soul"
857,"Maxie Skedgell","AlbumName 357","Soul"
624,"Cozmo Cains","AlbumName 124","Soul"
858,"Weston Toward","AlbumName 358","Jazz"
625,"Ina O'Bradane","AlbumName 125","Rock"
859,"Joyann Filoniere","AlbumName 359","Pop"
626,"Maureene Sollam","AlbumName 126","Latin"
627,"Evvy Rickesies","AlbumName 127","Soul"
860,"Alta Paley","AlbumName 360","Country"
628,"Burton Skillitt","AlbumName 128","Rock"
629,"Aeriell Downe","AlbumName 129","Comedy"
861,"Oswell Jepp","AlbumName 361","Rock"
630,"Melisande Rieme","AlbumName 130","Latin"
631,"Sanders De Castri","AlbumName 131","Electronic"
632,"Renell Piwall","AlbumName 132","Rock"
862,"Elberta Bulfoot","AlbumName 362","Jazz"
633,"Shurlock Anning","AlbumName 133","Electronic"
634,"Ravi Dragge","AlbumName 134","Country"
635,"Chrissie La Padula","AlbumName 135","Blues"
636,"Florrie Sterte","AlbumName 136","Country"
863,"Bevan Duffil","AlbumName 363","Electronic"
637,"Eleonore Buick","AlbumName 137","Electronic"
864,"Luz Frankes","AlbumName 364","Jazz"
638,"Aeriel Cashley","AlbumName 138","Folk"
865,"Elisha Lynagh","AlbumName 365","Country"
639,"Nadeen Mosdall","AlbumName 139","Comedy"
866,"Rhianon Wynne","AlbumName 366","Soul"
640,"Crissie Leffek","AlbumName 140","Soul"
641,"Ive Phillp","AlbumName 141","Rock"
867,"Goldia Godain","AlbumName 367","Soul"
642,"Raynard Isaac","AlbumName 142","Pop"
868,"Samson Garaway","AlbumName 368","Latin"
643,"Cordy Devereux","AlbumName 143","Blues"
869,"Verla Crosswaite","AlbumName 369","Comedy"
870,"Henrietta Cage","AlbumName 370","Pop"
644,"Cross Fairy","AlbumName 144","Electronic"
645,"Cory Sotheby","AlbumName 145","Blues"
871,"Mauricio Conn","AlbumName 371","Country"
646,"Carolyn Guillart","AlbumName 146","Folk"
872,"Rudolph Figin","AlbumName 372","Comedy"
647,"Carroll Veldman","AlbumName 147","Jazz"
873,"Maura Tallis","AlbumName 373","Jazz"
648,"Anton Sacks","AlbumName 148","Soul"
874,"Laurella Tempest","AlbumName 374","Pop"
649,"Justinian Ladell","AlbumName 149","Country"
650,"Bartram Dagwell","AlbumName 150","Soul"
875,"Trey Ebdon","AlbumName 375","Rock"
651,"Kip Kagan","AlbumName 151","Electronic"
652,"Ingaberg Brito","AlbumName 152","Comedy"
876,"Camile Haestier","AlbumName 376","Folk"
653,"Juliann De Haven","AlbumName 153","Pop"
654,"Dore Dragoe","AlbumName 154","Comedy"
877,"Sharai Letherbury","AlbumName 377","Electronic"
655,"Ardys Ridehalgh","AlbumName 155","Electronic"
656,"Marje Windas","AlbumName 156","Rock"
878,"Raimondo Sealand","AlbumName 378","Blues"
657,"Raffaello Van Eeden","AlbumName 157","Comedy"
658,"Orelie Sprey","AlbumName 158","Soul"
879,"Ericka Keningley","AlbumName 379","Electronic"
659,"Milly McNay","AlbumName 159","Soul"
880,"Sondra Camolli","AlbumName 380","Comedy"
660,"Dalston Binner","AlbumName 160","Jazz"
881,"Berk Levene","AlbumName 381","Rock"
661,"Cyndy Mc Gorley","AlbumName 161","Jazz"
882,"Gratiana Lohden","AlbumName 382","Country"
662,"Felic Geerdts","AlbumName 162","Latin"
883,"Loleta Gronous","AlbumName 383","Latin"
663,"Eudora Seamons","AlbumName 163","Blues"
884,"Angus Schimek","AlbumName 384","Soul"
885,"Tabatha Wallworth","AlbumName 385","Rock"
664,"Silvan Davenhill","AlbumName 164","Latin"
886,"Wallie Zanini","AlbumName 386","Electronic"
887,"Mela Leithgoe","AlbumName 387","Blues"
888,"Michelle Atlay","AlbumName 388","Country"
665,"Hymie Aronovich","AlbumName 165","Soul"
889,"Israel Christophle","AlbumName 389","Comedy"
666,"Quintin MacArd","AlbumName 166","Soul"
890,"Sidoney Lejeune","AlbumName 390","Pop"
891,"Brew Mosdell","AlbumName 391","Electronic"
667,"Friederike Melross","AlbumName 167","Jazz"
892,"Gertie Kinsey","AlbumName 392","Comedy"
893,"Stavro Udey","AlbumName 393","Rock"
668,"Maible Hablet","AlbumName 168","Jazz"
894,"Adolpho Helks","AlbumName 394","Rock"
669,"Kip Murrison","AlbumName 169","Soul"
895,"Kesley Rubica","AlbumName 395","Comedy"
670,"Rici Burgill","AlbumName 170","Comedy"
896,"Charisse Van der Linde","AlbumName 396","Latin"
671,"Gaultiero Drinkale","AlbumName 171","Latin"
897,"Ede O'Hartagan","AlbumName 397","Country"
672,"Patty Sarvar","AlbumName 172","Blues"
898,"Devi McSweeney","AlbumName 398","Electronic"
673,"Calypso Durtnall","AlbumName 173","Country"
899,"Jakie McCaughan","AlbumName 399","Blues"
674,"Karolina Woolager","AlbumName 174","Latin"
900,"Nichole McKeown","AlbumName 400","Country"
675,"Lydie Server","AlbumName 175","Electronic"
901,"Ingeborg Bartaloni","AlbumName 401","Soul"
676,"Averil Stert","AlbumName 176","Comedy"
902,"Kakalina Knappitt","AlbumName 402","Rock"
677,"Mitchael Newcomen","AlbumName 177","Pop"
903,"Juieta Guiot","AlbumName 403","Pop"
678,"Wileen Rotherham","AlbumName 178","Pop"
904,"Georgeta Sawdy","AlbumName 404","Latin"
679,"Eddie Whitehair","AlbumName 179","Blues"
905,"Orion Barbour","AlbumName 405","Folk"
680,"Sergio Flawith","AlbumName 180","Latin"
906,"Susanetta Callway","AlbumName 406","Soul"
681,"Raul Sussems","AlbumName 181","Pop"
907,"Caril Banford","AlbumName 407","Jazz"
682,"Harrison Morat","AlbumName 182","Rock"
908,"Alyosha Wanjek","AlbumName 408","Pop"
683,"Guglielma Kynson","AlbumName 183","Comedy"
909,"Neel Willison","AlbumName 409","Pop"
684,"Garrott Marklew","AlbumName 184","Jazz"
910,"Ina Woodland","AlbumName 410","Country"
685,"Paulita Laight","AlbumName 185","Rock"
911,"Aime McCullough","AlbumName 411","Rock"
912,"Estel Plumer","AlbumName 412","Rock"
913,"Leanora Retchford","AlbumName 413","Country"
914,"Rasla Itzkov","AlbumName 414","Blues"
915,"Bondon Middlemass","AlbumName 415","Soul"
686,"Dennie MacKilroe","AlbumName 186","Comedy"
916,"Trumann Reubens","AlbumName 416","Comedy"
917,"Blinnie Hindenburg","AlbumName 417","Comedy"
687,"Adriaens Dunbleton","AlbumName 187","Soul"
918,"Jermaine Haw","AlbumName 418","Latin"
919,"Loutitia Lahiff","AlbumName 419","Latin"
688,"Griz Harbisher","AlbumName 188","Blues"
920,"Guthry Eales","AlbumName 420","Country"
689,"Morena Mardling","AlbumName 189","Soul"
921,"Jamal Blackah","AlbumName 421","Blues"
690,"Demetra Monsey","AlbumName 190","Comedy"
922,"Curtice Dible","AlbumName 422","Country"
691,"Elysia Lanon","AlbumName 191","Pop"
923,"Ailey Alfonsetti","AlbumName 423","Pop"
692,"Belia Marre","AlbumName 192","Jazz"
924,"Morty Ocheltree","AlbumName 424","Pop"
925,"Dyann Antwis","AlbumName 425","Folk"
693,"Wain Mark","AlbumName 193","Comedy"
926,"Kristine Gandar","AlbumName 426","Electronic"
927,"Baudoin Trank","AlbumName 427","Comedy"
694,"Nat Tarn","AlbumName 194","Country"
928,"Saunders Sheber","AlbumName 428","Blues"
929,"Tami Redihough","AlbumName 429","Soul"
695,"Bent Flear","AlbumName 195","Rock"
930,"Esra Western","AlbumName 430","Soul"
931,"Victoria Duell","AlbumName 431","Comedy"
696,"Vilhelmina Shefton","AlbumName 196","Blues"
932,"Agathe Treace","AlbumName 432","Country"
697,"Helaine Dunphy","AlbumName 197","Latin"
933,"Steward Saywell","AlbumName 433","Jazz"
698,"Barb Thewlis","AlbumName 198","Soul"
934,"Othilie Heifer","AlbumName 434","Comedy"
699,"Rozalie Dietsche","AlbumName 199","Soul"
935,"Giulietta Dallender","AlbumName 435","Blues"
700,"Danica Glasser","AlbumName 200","Blues"
936,"Andros Scoffham","AlbumName 436","Soul"
701,"Gaven Goade","AlbumName 201","Latin"
937,"Jada Thow","AlbumName 437","Electronic"
702,"Gerick Zimmer","AlbumName 202","Country"
938,"Estelle Jonah","AlbumName 438","Rock"
703,"Rhoda Lambole","AlbumName 203","Folk"
939,"Titus Aslie","AlbumName 439","Jazz"
704,"Vinita Managh","AlbumName 204","Pop"
940,"Filmer Gavaran","AlbumName 440","Soul"
705,"Benson Furtado","AlbumName 205","Comedy"
941,"Mateo Traher","AlbumName 441","Rock"
706,"Prudi Crookston","AlbumName 206","Soul"
942,"Paule Abrahami","AlbumName 442","Jazz"
707,"Annabelle Wetter","AlbumName 207","Electronic"
943,"Jammal Hartell","AlbumName 443","Blues"
708,"Garrek Andrus","AlbumName 208","Electronic"
709,"Niel Chivrall","AlbumName 209","Folk"
710,"Beverlee Arents","AlbumName 210","Country"
711,"Wallis Belchamber","AlbumName 211","Blues"
944,"Gisela Coppin","AlbumName 444","Pop"
712,"Corbie Rustman","AlbumName 212","Folk"
713,"Ede Howells","AlbumName 213","Pop"
714,"Morna Hogbourne","AlbumName 214","Jazz"
715,"Cornela Manntschke","AlbumName 215","Soul"
945,"Duff Rochelle","AlbumName 445","Latin"
716,"Murvyn Pugsley","AlbumName 216","Rock"
946,"Mikol Lennarde","AlbumName 446","Jazz"
947,"Kira Thatcham","AlbumName 447","Pop"
717,"Jehanna Macknish","AlbumName 217","Latin"
948,"Louisette Collicott","AlbumName 448","Comedy"
718,"Reba Hymers","AlbumName 218","Jazz"
949,"Cristine Deddum","AlbumName 449","Pop"
950,"Oralle Kingsman","AlbumName 450","Pop"
719,"Becca Ivashev","AlbumName 219","Folk"
951,"Wyndham Arney","AlbumName 451","Jazz"
952,"Lucia Ambrosch","AlbumName 452","Country"
953,"Dud Macartney","AlbumName 453","Rock"
720,"Burnard Chawkley","AlbumName 220","Pop"
954,"Flss McDermid","AlbumName 454","Comedy"
955,"Ab Kenewel","AlbumName 455","Jazz"
721,"Keelby Powter","AlbumName 221","Country"
722,"Kelcie Bengtson","AlbumName 222","Latin"
956,"Minnnie Smeeton","AlbumName 456","Electronic"
957,"Clarke Pinor","AlbumName 457","Folk"
958,"Giulietta Wick","AlbumName 458","Blues"
959,"Claude Towey","AlbumName 459","Pop"
723,"Deanna Blackey","AlbumName 223","Rock"
960,"Rurik Barents","AlbumName 460","Pop"
724,"Ellette Yell","AlbumName 224","Rock"
961,"Margret Stormont","AlbumName 461","Rock"
725,"Sonny Cud","AlbumName 225","Comedy"
962,"Jobyna Adriaens","AlbumName 462","Pop"
726,"Walker Ivashechkin","AlbumName 226","Electronic"
963,"Lew Critten","AlbumName 463","Country"
727,"Cynthea Meeus","AlbumName 227","Jazz"
964,"Inger Lenney","AlbumName 464","Jazz"
728,"Bronny Beville","AlbumName 228","Latin"
965,"Vicky Papes","AlbumName 465","Blues"
966,"Pierre Codd","AlbumName 466","Blues"
729,"Georgiana Drinkall","AlbumName 229","Rock"
967,"Brett Brushneen","AlbumName 467","Pop"
730,"Hernando Faherty","AlbumName 230","Electronic"
968,"Feodor Blampied","AlbumName 468","Electronic"
731,"Martie Burditt","AlbumName 231","Folk"
969,"Tommy Ledstone","AlbumName 469","Rock"
732,"Lory Jiggle","AlbumName 232","Country"
970,"Tracey Flea","AlbumName 470","Country"
733,"Reynold Blenkensop","AlbumName 233","Electronic"
971,"Ab Plaid","AlbumName 471","Pop"
972,"Joli Alan","AlbumName 472","Comedy"
973,"Fonz MacNucator","AlbumName 473","Folk"
734,"Harmonia Gabbot","AlbumName 234","Electronic"
974,"Yorgos Bowstead","AlbumName 474","Rock"
735,"Katey Eldredge","AlbumName 235","Blues"
975,"Joscelin Challin","AlbumName 475","Jazz"
736,"Lena Dubique","AlbumName 236","Soul"
976,"Mora Fozard","AlbumName 476","Comedy"
737,"Gaby Twizell","AlbumName 237","Comedy"
977,"Jerald Torrance","AlbumName 477","Blues"
738,"Edgard McMurraya","AlbumName 238","Comedy"
978,"Josefa Barrand","AlbumName 478","Latin"
739,"Blaire Sheering","AlbumName 239","Rock"
740,"Agnola O'Kinneally","AlbumName 240","Rock"
741,"Tomasine Zucker","AlbumName 241","Folk"
979,"Larina Gerran","AlbumName 479","Blues"
980,"Edgardo Nerger","AlbumName 480","Electronic"
981,"Jacqui Gillimgham","AlbumName 481","Blues"
742,"Abbie Lytle","AlbumName 242","Soul"
743,"Nels Spoole","AlbumName 243","Jazz"
982,"Findlay Cowser","AlbumName 482","Folk"
983,"Ogden Le Noir","AlbumName 483","Latin"
984,"Elita Pashenkov","AlbumName 484","Jazz"
744,"Brand Chatelain","AlbumName 244","Pop"
745,"Ode Drinnan","AlbumName 245","Latin"
985,"Percy Mapholm","AlbumName 485","Comedy"
746,"Marcie Boow","AlbumName 246","Electronic"
986,"Devon Brasseur","AlbumName 486","Blues"
747,"Kelcie Bowra","AlbumName 247","Pop"
987,"Emmit Mavin","AlbumName 487","Folk"
748,"Bil Robelet","AlbumName 248","Soul"
988,"Sidonnie Follos","AlbumName 488","Blues"
749,"Euell Hollyland","AlbumName 249","Country"
989,"Pauly McKeaveney","AlbumName 489","Pop"
750,"Phip Kinforth","AlbumName 250","Country"
990,"Brandea Havercroft","AlbumName 490","Pop"
991,"Rosabel Lanmeid","AlbumName 491","Electronic"
992,"Allyn Gaudon","AlbumName 492","Rock"
993,"Lishe Abson","AlbumName 493","Folk"
994,"Martainn Robic","AlbumName 494","Country"
995,"Whitman Tudge","AlbumName 495","Pop"
996,"Dulcie Drayson","AlbumName 496","Rock"
997,"Byram Epilet","AlbumName 497","Electronic"
998,"Hakeem Sumpter","AlbumName 498","Electronic"
999,"Bay Clulee","AlbumName 499","Electronic"
1000,"Orton Lomis","AlbumName 500","Electronic"
