1,"Artemis Woolger",693,1
2,"Klemens Winny",989,2
3,"Kate Ropkins",876,4
4,"Alfredo Huskinson",435,4
5,"Sutherland Ayres",307,3
6,"Elvin Barthrop",524,1
7,"Kali Rene",648,5
8,"Duncan Leyes",934,3
9,"Maryjo Lusher",342,5
10,"Maressa McLinden",421,1
11,"Gail Spawforth",588,5
12,"Kaile Boddis",674,2
13,"Leicester Pyvis",838,2
14,"Jo ann Klyner",654,4
15,"Reginald Greve",643,2
16,"Garrott Dawltrey",670,4
17,"Ky Butterick",817,3
18,"Darrell Mew",488,5
19,"Danika Alphege",310,2
20,"Jackie Becken",908,4
21,"Dell Duckerin",462,1
22,"Sonnie Churching",386,1
23,"Zandra Metzke",846,1
24,"Harwell Jedrzejewski",909,4
25,"Dewie Mollatt",880,3
26,"Garland McLemon",647,1
27,"Allayne Walesa",289,3
28,"Roch Gerkens",779,3
29,"Wendell Yoseloff",429,1
30,"Suzie Pren",690,5
31,"Hurleigh Willicott",621,3
32,"Antonin Fleckness",913,2
33,"Shawn Malham",496,4
34,"Anthia Lochet",745,2
35,"Dede Kulas",665,4
36,"Norene Bedle",653,1
37,"Dru Fransewich",123,3
38,"Brinn Jeanenet",755,1
39,"Rodney MacCheyne",444,3
40,"Doro Hupe",301,2
41,"Theodor Ferrarotti",383,2
42,"Iormina Reimer",267,4
43,"Gerrard Summersett",682,5
44,"Dominga Rivaland",199,3
45,"Angie Osbaldeston",985,4
46,"Di Heinlein",724,2
47,"Nappie Thrower",567,1
48,"Early Applegate",655,2
49,"Abrahan Bowie",797,2
50,"Rick Habbon",775,1
51,"Merralee Kightly",496,4
52,"Aeriel Bebb",539,3
53,"Marcelo Smylie",944,3
54,"Daron Fenby",695,3
55,"Way Tugwell",374,5
56,"Joseito Morfell",663,3
57,"Corabella Schuelcke",412,3
58,"Nanine Boman",883,3
59,"Cherri Treversh",698,5
60,"Mariam Underwood",181,1
61,"Pavla Carlson",816,2
62,"Sly Print",153,2
63,"Roxane Lillecrap",553,2
64,"Katleen Lorent",936,3
65,"Meridel Breagan",793,5
66,"Sancho Peirpoint",923,4
67,"Schuyler Baunton",483,3
68,"Anthia Claessens",909,3
69,"Marilin Giacovazzo",664,5
70,"Gus Scholes",563,3
71,"Dominique Jones",789,2
72,"Jeanette Mullins",212,5
73,"Tris Masterman",555,4
74,"Dianna Okenden",748,1
75,"Rowland Nairns",570,2
76,"Phebe Goodge",180,4
77,"Kitty Doutch",162,5
78,"Madge Maharey",443,1
79,"Mady Sabbatier",693,2
80,"Jerry Pirie",311,1
81,"Turner Stansby",242,5
82,"Emelina Roset",741,3
83,"Nicoline Lathe",551,3
84,"Cindee Fawlkes",857,5
85,"Saraann Matczak",153,4
86,"Kippy Vidgeon",667,5
87,"Maximo Merriott",992,4
88,"Fernande Yeates",439,1
89,"Flint Dan",731,3
90,"Merna Daunay",609,1
91,"Ava Mulder",585,4
92,"Theresina Houchen",984,3
93,"Melisse Service",656,3
94,"Sheeree O'Heffernan",609,1
95,"Leia Ambler",169,5
96,"Vera Wildsmith",975,4
97,"Klemens Petrus",652,2
98,"Dolph Macias",555,2
99,"Perl Grundy",167,1
100,"Theodora Willgoose",153,4
101,"Rees Allkins",420,2
102,"Monty O'Finan",562,3
103,"Britni Byway",642,5
104,"Cherie Kibbye",179,5
105,"Ilyse McKim",521,4
106,"Shandy Inglese",161,2
107,"Isahella Mantione",893,3
108,"Udell De Miranda",914,2
109,"Krystyna Hulland",317,4
110,"Carola Jubert",215,1
111,"Ollie Nesey",491,1
112,"Dennet Morrilly",732,2
113,"Ivor Verlinden",120,3
114,"Stanford Reichert",993,2
115,"Meredeth Cheke",427,2
116,"Clayson Rigmand",668,5
117,"Norrie Pickthall",986,2
118,"Dreddy Skeen",220,4
119,"Tabb Mateja",557,2
120,"Cleon Crosby",509,5
121,"Dimitry Hellis",703,2
122,"Tobie Adamo",904,3
123,"Jeddy Quinney",638,4
124,"Amory O'Scanlan",812,4
125,"Shem Le Guin",700,2
126,"Giustino Whittick",573,5
127,"Mahala Nowell",322,5
128,"Davide Fidge",185,5
129,"Maryanne Joddins",508,5
130,"Marabel Caitlin",763,1
131,"Zebedee Percival",865,1
132,"Deloris McCosker",812,4
133,"Erny Olenchenko",700,2
134,"Farr Lintot",843,4
135,"Marsiella Gyngyll",365,1
136,"Forrester Stoneman",906,1
137,"Stephanus Joret",818,4
138,"Jorrie Mahaffey",683,5
139,"Finlay McDoual",979,5
140,"Lawton Vaillant",968,1
141,"Hadria Rens",344,5
142,"Ulises Painter",752,4
143,"Danny Piele",305,3
144,"Tarrah Fibbens",889,2
145,"Nadiya Domerc",265,1
146,"Chickie Shervil",261,5
147,"Dannie Gilvary",428,1
148,"Farley Peel",704,4
149,"Ardella Sarsons",443,3
150,"Boot Coldicott",577,5
151,"Rudy Garment",935,2
152,"Tierney Sinclair",138,3
153,"Ana Benyan",200,5
154,"Lenora Danilchik",530,3
155,"Garrik Lott",369,1
156,"Alvie Ogbourne",185,2
157,"Vikki Monier",254,1
158,"Yettie Shakelade",573,4
159,"Raffaello Deex",292,2
160,"Lexine Petera",518,2
161,"Gardie Colson",585,3
162,"Richmond Workes",175,1
163,"Vivyan O'Codihie",707,4
164,"Zaria MacKimm",516,4
165,"Danny Eliff",398,3
166,"Horatia Bourley",980,5
167,"Eduardo Swetmore",466,1
168,"Rena Legrice",395,2
169,"Yehudi Luckey",615,4
170,"Mattias Oldroyd",744,4
171,"Any Darrigone",594,4
172,"Billie Belward",704,2
173,"Rosabella Kirkness",830,3
174,"Marion Astle",692,1
175,"Aleksandr Feldheim",794,1
176,"Rycca Kent",686,2
177,"Xavier Benediktsson",604,4
178,"Cristian Titchen",440,1
179,"Ros Skurm",613,4
180,"Neille Ronayne",280,3
181,"Hallsy Quogan",274,1
182,"Rodrigo Devonish",408,5
183,"Christabella Randle",733,1
184,"Sigfrid Teece",461,1
185,"Aridatha Truswell",145,3
186,"Darill Brecon",998,5
187,"Geralda Chasen",951,3
188,"Janeta Tumelty",924,2
189,"Christye Hands",715,5
190,"Clerissa Shirtliff",833,5
191,"Harriett Yesinov",844,5
192,"Jerrold Ellams",138,3
193,"Giraud McGaraghan",616,5
194,"Ramon Stride",288,2
195,"Aggie Winchurst",674,5
196,"Danielle Quiney",366,5
197,"Jason Thexton",677,4
198,"Marvin Foden",857,2
199,"Rafaellle MacCracken",261,5
200,"Annemarie Lowdyane",559,1
201,"Inga Gwillyam",457,1
202,"Kenna Corbin",563,2
203,"Goddard Perone",363,1
204,"Stirling Harness",230,3
205,"Ingar Winchester",683,1
206,"Rozamond Duffy",733,2
207,"Llewellyn Ceschelli",810,3
208,"Joyce Speck",442,5
209,"Rudiger Bickerdike",419,3
210,"Rutter McCane",875,3
211,"Frank Hammerberg",556,1
212,"Maddi Oakinfold",769,1
213,"Hermia Relph",934,2
214,"Dorise Slewcock",719,1
215,"Adeline Skip",194,4
216,"Annecorinne Ciccoloi",801,1
217,"Binny Barber",228,3
218,"Juline Mathivet",771,4
219,"Mersey Tolemache",105,1
220,"Ariella Myhill",115,3
221,"Bar Tsar",721,4
222,"Morna Kingscott",802,3
223,"Thorsten Brodeau",443,4
224,"Bebe Esposito",511,3
225,"Deloris Iacapucci",495,5
226,"Biddy Reynault",606,4
227,"Joey Peters",715,3
228,"Nicola Kreuzer",149,3
229,"Midge Cowans",516,2
230,"Atlanta Girsch",382,5
231,"Leonie Balham",740,5
232,"Maury Siburn",402,2
233,"Lavena Babar",502,5
234,"Deeanne Crudge",562,4
235,"Jackie Howatt",920,1
236,"Bale MacCafferky",466,5
237,"Nathaniel Blamey",268,1
238,"Zebulon Edwins",375,5
239,"Rikki Sunnex",994,4
240,"Christean Dunkerton",130,3
241,"Ramonda Jaggli",341,1
242,"Boris Hedlestone",259,4
243,"Upton Twaite",933,5
244,"Ardenia De La Hay",923,4
245,"Carmela Peppin",544,2
246,"May Ratke",529,4
247,"Wallas Braddon",260,3
248,"Sharity Knifton",295,1
249,"Issie Banton",748,5
250,"Antoni Pereira",449,4
251,"Kelila Westrip",993,3
252,"Wanids Sweetmore",890,4
253,"Hershel Meric",948,1
254,"Heather Pellew",247,3
255,"Joey Kennett",215,1
256,"Alfie Park",302,1
257,"Frankie Aitcheson",358,3
258,"Wenona Rossbrook",582,5
259,"Ursala Elie",624,2
260,"Cullen Swalwel",700,2
261,"Zenia Arnald",730,4
262,"Lyndy Boncore",923,3
263,"Muriel Whatford",608,1
264,"Skip Harragin",520,4
265,"Husain Guidone",673,5
266,"Mariel Kohter",113,1
267,"Gloriane Seeman",724,4
268,"Twila Merrick",353,4
269,"Munmro Vasovic",258,5
270,"Sebastian Brian",549,5
271,"Wilbert Patershall",284,2
272,"Tome Spellissy",786,2
273,"Jourdain Dymocke",307,5
274,"Ingrid Larmour",444,4
275,"Jorey Cleland",790,3
276,"Ingram Jeandet",180,3
277,"Bronny Haking",188,2
278,"Jory Rohlfs",567,3
279,"Briny Zink",232,1
280,"Nial Tigner",808,5
281,"Georges Guyver",887,1
282,"Pierce Bunkle",146,5
283,"Guillema Ettery",452,4
284,"Patricia Pigney",989,3
285,"Tessi Dunthorn",756,2
286,"Inigo Fausch",680,3
287,"Daloris Guyer",859,4
288,"Ringo Physic",976,1
289,"Clay Westberg",114,5
290,"Bevan Snailham",635,1
291,"Cyrus Fenny",427,3
292,"Roch Sabbatier",645,2
293,"Wilhelmina Elmar",553,2
294,"Rosanna Davitashvili",771,2
295,"Melicent Coaker",742,2
296,"Tarra Wiszniewski",401,2
297,"Constantine Lively",103,4
298,"Rowland Gladtbach",931,1
299,"Cooper Blundan",904,5
300,"Nadya Flanne",745,3
301,"Schuyler Gookey",654,3
302,"Aeriell Youde",568,3
303,"Baldwin Peddar",630,2
304,"Zaccaria Palmer",619,2
305,"Mady Silbersak",166,4
306,"Austina Kiendl",316,5
307,"Georgianna Larver",645,5
308,"Fredi Duer",928,2
309,"Perry Farens",258,5
310,"Vidovik Surphliss",717,3
311,"Dell Bristo",309,4
312,"Lombard Slavin",850,4
313,"Hort China",488,5
314,"Renaud Pindell",283,1
315,"Pavlov Simonutti",647,5
316,"Morgen Izaks",189,3
317,"Fionnula Broadfoot",541,2
318,"Licha Lambe",506,5
319,"Esmeralda Tallach",350,1
320,"Gwendolyn Biddlestone",118,5
321,"Fitzgerald Martignon",221,5
322,"Gerti Howley",861,1
323,"Vance De Brett",149,2
324,"Drucill Brimicombe",571,4
325,"Kenneth Gravy",976,1
326,"Dedie Moxom",817,1
327,"Janifer Kilban",665,4
328,"Molly Joire",405,3
329,"Yoshi Paulsen",833,3
330,"Onida Browncey",590,4
331,"Bethena Faunt",779,2
332,"Pamelina Grosvener",940,2
333,"Sharyl Dmytryk",596,4
334,"Jordain Jaslem",111,1
335,"Chantalle O'Quin",345,4
336,"Lorelle Thurling",452,5
337,"Lauritz Figliovanni",495,1
338,"Emmey Craigie",630,1
339,"Lorens Lindenstrauss",788,1
340,"Kesley Maffin",959,4
341,"Teddi Ruger",102,2
342,"Agnese Meredyth",476,5
343,"Emmett Haygreen",889,1
344,"Jenine Emney",281,1
345,"Lissie Grishukov",541,1
346,"Maureene Cripwell",948,3
347,"Willyt Birnie",128,1
348,"Suzette Kuhlen",340,1
349,"Renaldo Cranson",435,4
350,"Cathie Houdmont",725,2
351,"Kit Cockerill",912,2
352,"Simone Hatzar",542,5
353,"Angelique Jeremaes",695,1
354,"Aurlie Winckles",551,5
355,"Alfonso Siberry",313,4
356,"Baily Carrick",442,5
357,"Teddy Castiblanco",296,4
358,"Ely MacAllan",879,3
359,"Scot Quarless",676,5
360,"Morganica Le Sarr",171,3
361,"Dolorita Broadnicke",434,2
362,"Christalle Bowfin",396,1
363,"Pearce Hammill",498,4
364,"Jeni Parres",109,1
365,"Germain McLaren",926,1
366,"Harv Maslen",581,5
367,"Ferrel Buche",589,2
368,"Nathanil Stolworthy",650,4
369,"Noah O'Brien",672,5
370,"Cindie Hampton",117,1
371,"Michal Gaw",802,3
372,"Roxana Conningham",862,4
373,"Allys Steen",251,3
374,"Kacie Jurkiewicz",588,3
375,"Mollee Van den Oord",990,2
376,"Wendye Ambrogio",758,5
377,"Xylia Binyon",898,4
378,"Merrili Minnette",481,3
379,"Agathe Costigan",100,4
380,"Rhianna Klicher",145,1
381,"Carce Hayesman",211,4
382,"Rosemary de Guerre",746,1
383,"Twila Cheales",185,3
384,"Colby Leedes",222,5
385,"Cullie Knoller",781,2
386,"Gayle Hussell",152,4
387,"Damian Gethen",597,2
388,"Bree Realy",843,2
389,"Fannie Morritt",170,1
390,"Frieda Rudman",459,3
391,"Trixi Asson",353,3
392,"Reinold Shipway",482,1
393,"Harris Blakey",404,3
394,"Elspeth Verden",289,4
395,"Hedda Cresser",956,5
396,"Tedmund Melley",353,2
397,"Michail Mc Pake",880,3
398,"Matti Monkeman",753,1
399,"Melany Bareford",927,3
400,"Dolli Bendixen",523,3
401,"Ashely Goldsbrough",662,4
402,"Hanson Telfer",504,3
403,"Cynthie Gobolos",787,5
404,"Abbe Juster",695,5
405,"John Dunlap",948,1
406,"Lucias Hooke",402,1
407,"Stacie Treher",954,1
408,"Lennard Vagges",353,3
409,"Ripley Boumphrey",571,4
410,"Heath Reaveley",686,1
411,"Storm Burrell",325,4
412,"Arie O'Shaughnessy",464,5
413,"Gilli Wetherby",703,1
414,"Almeda Merrgen",428,5
415,"Lauralee McGairl",550,2
416,"Buckie Townley",903,4
417,"Amii Lattos",512,4
418,"Georgy Ravelus",824,2
419,"Dorine Reynalds",544,3
420,"Paulina Griniov",989,1
421,"Pat Emmines",218,2
422,"Chariot Gurry",437,5
423,"Emogene Dallas",471,4
424,"Flemming Tommeo",156,5
425,"Mauricio Ordemann",973,1
426,"Cyrus Pedgrift",965,1
427,"Marlyn Mosdall",941,5
428,"Laverne Philpot",108,3
429,"Dodie Barnbrook",610,1
430,"Arnold Astbury",169,2
431,"Alleyn Lifsey",164,4
432,"Kimball Side",669,3
433,"Wilow Wiltshier",650,3
434,"Hunfredo Ketts",167,2
435,"Fletcher Ryam",683,5
436,"Wylie Wipper",684,3
437,"Deb Hodgon",746,3
438,"Kenneth Ion",702,5
439,"Kerrie Teresse",465,5
440,"Allys Pinks",152,4
441,"Gordie Aysik",502,5
442,"Lilia Gilroy",937,4
443,"Hedwig Ayrs",226,2
444,"Buiron Perone",950,2
445,"Jolene Lintott",899,5
446,"Mycah Matthewman",247,4
447,"Thedrick Glayzer",797,4
448,"Ruby Iglesias",175,2
449,"Anny Rossander",742,5
450,"Kin Elsip",598,1
451,"Tammi Ungerecht",817,5
452,"Horatius Edgecumbe",917,1
453,"Shir Nawton",188,2
454,"Tommie Nesfield",671,2
455,"Gawain Vale",254,3
456,"Saunder Pensom",513,1
457,"Maxine Sonner",902,4
458,"Nicko Domegan",187,5
459,"Lora Tomei",873,5
460,"Marylinda Jevons",903,3
461,"Esther Taree",287,2
462,"Earle Quincey",695,4
463,"Bo Gregorowicz",178,1
464,"Billye Yerborn",784,3
465,"Yelena Dobson",260,1
466,"Maurise Brogden",871,3
467,"Gertrud Duiguid",101,4
468,"Percival Skade",491,4
469,"Muriel Towe",759,4
470,"Keelia Bestar",207,5
471,"Richie Mattusov",677,4
472,"Lowell Ballinghall",219,3
473,"Laurie Brighty",327,4
474,"Cherye Dumblton",448,4
475,"Agna Bultitude",338,1
476,"Jasun Mobius",122,3
477,"Daisi Bootes",640,4
478,"Lanni Siebart",227,4
479,"Hubie Hourihan",207,2
480,"Kristos Pay",747,5
481,"Bree Asser",856,5
482,"Mayor Hayden",502,2
483,"Milty Phipson",796,4
484,"Bertrand Clulee",922,4
485,"Christoffer Houchin",604,2
486,"Estella Rodriguez",579,2
487,"Sarene Gammill",534,5
488,"Eldridge Malser",174,2
489,"Ninetta Gerault",720,1
490,"Myrtie De la Harpe",375,1
491,"Glyn Orhtmann",447,4
492,"Alain Gulberg",189,3
493,"Myron Petru",578,4
494,"Ann Zorzoni",227,1
495,"Adriano Jevons",685,4
496,"Olga Reskelly",698,1
497,"Lexine Pencott",429,4
498,"Blondy Reimer",172,5
499,"Saxon Stapforth",853,1
500,"Case Bagnal",732,5
