669,24.66,"Product 669","CD"
670,13.28,"Product 670","BOOK"
671,34.5,"Product 671","CD"
672,14.92,"Product 672","CD"
673,12.78,"Product 673","BOOK"
674,45.36,"Product 674","BOOK"
675,74.19,"Product 675","BOOK"
676,73.07,"Product 676","BOOK"
677,28.84,"Product 677","BOOK"
678,24.5,"Product 678","CD"
679,33.89,"Product 679","CD"
680,72.44,"Product 680","BOOK"
681,62.09,"Product 681","CD"
682,24.15,"Product 682","BOOK"
683,65.26,"Product 683","BOOK"
684,63.3,"Product 684","CD"
685,84.21,"Product 685","CD"
686,61.64,"Product 686","BOOK"
687,34.45,"Product 687","CD"
688,85.93,"Product 688","BOOK"
689,56.26,"Product 689","CD"
690,44.61,"Product 690","BOOK"
691,80.37,"Product 691","BOOK"
692,23.13,"Product 692","CD"
693,12.59,"Product 693","CD"
694,83.9,"Product 694","BOOK"
695,20.95,"Product 695","BOOK"
696,65.95,"Product 696","CD"
697,18.57,"Product 697","CD"
698,58.32,"Product 698","CD"
699,39,"Product 699","CD"
1,17.29,"Product 1","BOOK"
700,69.96,"Product 700","CD"
701,64.1,"Product 701","CD"
2,73.23,"Product 2","CD"
702,8.79,"Product 702","CD"
3,31.79,"Product 3","CD"
703,50.26,"Product 703","CD"
4,83.37,"Product 4","CD"
704,81.81,"Product 704","CD"
5,34.59,"Product 5","BOOK"
705,28.46,"Product 705","CD"
706,73.13,"Product 706","CD"
6,31.19,"Product 6","CD"
707,19.72,"Product 707","BOOK"
7,91.7,"Product 7","BOOK"
708,19.89,"Product 708","BOOK"
8,37.73,"Product 8","CD"
709,14.7,"Product 709","CD"
9,4.63,"Product 9","BOOK"
710,26.53,"Product 710","BOOK"
10,9.96,"Product 10","BOOK"
711,28.14,"Product 711","BOOK"
712,63.72,"Product 712","BOOK"
11,73.12,"Product 11","CD"
713,71.54,"Product 713","BOOK"
12,15.14,"Product 12","CD"
714,28.55,"Product 714","BOOK"
13,39.72,"Product 13","CD"
715,59.09,"Product 715","CD"
14,42.17,"Product 14","CD"
716,34.68,"Product 716","BOOK"
717,61.53,"Product 717","CD"
15,16.4,"Product 15","CD"
718,14.21,"Product 718","CD"
16,13.76,"Product 16","BOOK"
719,94.49,"Product 719","BOOK"
17,62.21,"Product 17","BOOK"
720,42.43,"Product 720","BOOK"
18,67.07,"Product 18","CD"
721,8.97,"Product 721","BOOK"
19,4.66,"Product 19","CD"
722,35.92,"Product 722","BOOK"
20,87.93,"Product 20","CD"
723,16.44,"Product 723","CD"
724,22.21,"Product 724","CD"
725,45.76,"Product 725","CD"
21,77.36,"Product 21","BOOK"
726,20.75,"Product 726","CD"
22,12.32,"Product 22","BOOK"
727,66.22,"Product 727","BOOK"
728,89.29,"Product 728","CD"
23,46.94,"Product 23","BOOK"
729,4.99,"Product 729","CD"
24,75.38,"Product 24","CD"
730,62.11,"Product 730","BOOK"
25,2.48,"Product 25","BOOK"
731,73.16,"Product 731","BOOK"
26,94.81,"Product 26","CD"
732,60,"Product 732","CD"
733,21.99,"Product 733","CD"
27,8.58,"Product 27","BOOK"
335,97.73,"Product 335","BOOK"
734,42.43,"Product 734","BOOK"
28,78.18,"Product 28","CD"
735,34.29,"Product 735","BOOK"
29,72.25,"Product 29","CD"
736,50.22,"Product 736","CD"
30,70.42,"Product 30","BOOK"
336,72.31,"Product 336","BOOK"
737,62.08,"Product 737","BOOK"
31,22.9,"Product 31","BOOK"
738,11.84,"Product 738","CD"
32,26.32,"Product 32","BOOK"
739,7.93,"Product 739","BOOK"
337,78.49,"Product 337","CD"
33,18.16,"Product 33","BOOK"
740,81.15,"Product 740","CD"
34,92.1,"Product 34","BOOK"
741,39.1,"Product 741","CD"
338,88.26,"Product 338","CD"
742,21.38,"Product 742","CD"
35,86.52,"Product 35","BOOK"
743,64.66,"Product 743","CD"
36,22.36,"Product 36","BOOK"
339,81.03,"Product 339","BOOK"
744,74.03,"Product 744","BOOK"
37,10.07,"Product 37","BOOK"
745,73.6,"Product 745","CD"
38,23.35,"Product 38","CD"
340,24.98,"Product 340","CD"
746,61.15,"Product 746","CD"
39,27.48,"Product 39","CD"
747,25.33,"Product 747","BOOK"
40,64.15,"Product 40","CD"
341,29.68,"Product 341","CD"
748,7.97,"Product 748","BOOK"
41,1.86,"Product 41","BOOK"
749,33.05,"Product 749","BOOK"
42,74.21,"Product 42","CD"
342,71.53,"Product 342","CD"
750,32.2,"Product 750","CD"
43,3.42,"Product 43","BOOK"
751,28.82,"Product 751","CD"
44,78.84,"Product 44","CD"
752,23,"Product 752","BOOK"
343,57.02,"Product 343","CD"
45,76.61,"Product 45","BOOK"
753,95.32,"Product 753","CD"
46,98.77,"Product 46","BOOK"
344,82.06,"Product 344","BOOK"
754,1.33,"Product 754","BOOK"
47,88.76,"Product 47","BOOK"
755,25.63,"Product 755","BOOK"
756,92.06,"Product 756","CD"
345,57.09,"Product 345","CD"
48,48.47,"Product 48","BOOK"
757,74.43,"Product 757","BOOK"
49,68.59,"Product 49","CD"
758,65.01,"Product 758","BOOK"
346,54.66,"Product 346","CD"
50,25.96,"Product 50","BOOK"
759,12.26,"Product 759","BOOK"
51,85.55,"Product 51","BOOK"
760,25.66,"Product 760","CD"
347,82.9,"Product 347","CD"
761,70.63,"Product 761","CD"
52,1.52,"Product 52","CD"
762,21.48,"Product 762","CD"
53,43.72,"Product 53","CD"
348,29.22,"Product 348","CD"
763,19.84,"Product 763","CD"
54,64.24,"Product 54","BOOK"
764,37.01,"Product 764","CD"
55,16.42,"Product 55","BOOK"
349,52.9,"Product 349","CD"
765,12.87,"Product 765","CD"
56,71.79,"Product 56","BOOK"
766,32.25,"Product 766","BOOK"
57,37.04,"Product 57","BOOK"
767,99.03,"Product 767","BOOK"
350,34.75,"Product 350","CD"
768,95.99,"Product 768","BOOK"
58,83.8,"Product 58","CD"
769,9.56,"Product 769","CD"
351,64.54,"Product 351","CD"
59,90.39,"Product 59","BOOK"
770,61.89,"Product 770","BOOK"
60,41.71,"Product 60","BOOK"
771,35.84,"Product 771","BOOK"
352,94.47,"Product 352","CD"
61,45.55,"Product 61","CD"
772,20.69,"Product 772","BOOK"
62,58.24,"Product 62","CD"
773,35.99,"Product 773","BOOK"
353,99.47,"Product 353","CD"
63,45.78,"Product 63","CD"
774,77.71,"Product 774","CD"
64,20.6,"Product 64","BOOK"
775,65.2,"Product 775","CD"
354,3.75,"Product 354","BOOK"
776,1.56,"Product 776","CD"
65,98.82,"Product 65","BOOK"
777,35.48,"Product 777","BOOK"
66,89.87,"Product 66","BOOK"
355,28.44,"Product 355","CD"
778,75.85,"Product 778","CD"
67,26.55,"Product 67","BOOK"
779,69.53,"Product 779","CD"
68,36.03,"Product 68","BOOK"
356,3.98,"Product 356","CD"
780,43.19,"Product 780","BOOK"
69,17.06,"Product 69","CD"
781,45.53,"Product 781","CD"
70,67.67,"Product 70","BOOK"
782,95.91,"Product 782","CD"
357,59.64,"Product 357","BOOK"
71,64.73,"Product 71","BOOK"
783,40,"Product 783","CD"
72,33,"Product 72","BOOK"
358,48.49,"Product 358","CD"
784,71.62,"Product 784","CD"
73,46.46,"Product 73","BOOK"
785,84.24,"Product 785","BOOK"
74,51.63,"Product 74","BOOK"
359,61.93,"Product 359","BOOK"
786,59.94,"Product 786","BOOK"
75,1.81,"Product 75","BOOK"
787,54.95,"Product 787","BOOK"
76,11.7,"Product 76","BOOK"
360,96.44,"Product 360","BOOK"
788,33.78,"Product 788","CD"
77,99.5,"Product 77","BOOK"
789,26.73,"Product 789","BOOK"
78,93.56,"Product 78","CD"
361,68.47,"Product 361","CD"
790,98.48,"Product 790","CD"
79,63.1,"Product 79","BOOK"
791,45.04,"Product 791","BOOK"
80,51.14,"Product 80","CD"
362,65.22,"Product 362","BOOK"
792,71.27,"Product 792","BOOK"
81,98.48,"Product 81","CD"
793,96.53,"Product 793","CD"
82,86.72,"Product 82","BOOK"
363,75.62,"Product 363","CD"
794,64.03,"Product 794","BOOK"
83,54.67,"Product 83","BOOK"
795,52.52,"Product 795","CD"
364,70.11,"Product 364","CD"
84,58.1,"Product 84","BOOK"
796,68.61,"Product 796","BOOK"
85,73.17,"Product 85","BOOK"
797,88.68,"Product 797","CD"
365,99.36,"Product 365","CD"
86,81.91,"Product 86","CD"
798,75.18,"Product 798","BOOK"
87,84.41,"Product 87","BOOK"
366,87.25,"Product 366","BOOK"
799,44.07,"Product 799","BOOK"
88,98.04,"Product 88","CD"
800,58.95,"Product 800","BOOK"
367,44.93,"Product 367","BOOK"
89,29.55,"Product 89","BOOK"
801,78.83,"Product 801","CD"
802,92.81,"Product 802","CD"
90,12.1,"Product 90","BOOK"
368,14.99,"Product 368","CD"
803,32.56,"Product 803","BOOK"
91,75.91,"Product 91","BOOK"
804,52.89,"Product 804","BOOK"
92,90.27,"Product 92","BOOK"
369,90.41,"Product 369","BOOK"
93,90.28,"Product 93","BOOK"
805,57.28,"Product 805","BOOK"
370,39.93,"Product 370","CD"
94,22.05,"Product 94","BOOK"
806,18.68,"Product 806","BOOK"
807,62.39,"Product 807","CD"
95,19.69,"Product 95","BOOK"
371,48.56,"Product 371","BOOK"
808,42.34,"Product 808","BOOK"
96,24.32,"Product 96","BOOK"
809,73.17,"Product 809","CD"
97,41.71,"Product 97","CD"
372,65.05,"Product 372","BOOK"
810,40.38,"Product 810","BOOK"
98,49.87,"Product 98","CD"
811,48.42,"Product 811","CD"
99,87.27,"Product 99","BOOK"
373,30.41,"Product 373","BOOK"
812,27.24,"Product 812","CD"
100,86.73,"Product 100","BOOK"
813,54.84,"Product 813","CD"
101,57.82,"Product 101","CD"
374,78.44,"Product 374","BOOK"
814,56.58,"Product 814","CD"
102,87.74,"Product 102","BOOK"
815,94.62,"Product 815","CD"
375,56.58,"Product 375","BOOK"
103,88.61,"Product 103","BOOK"
816,72.77,"Product 816","CD"
104,53.75,"Product 104","CD"
376,9.9,"Product 376","BOOK"
817,98.73,"Product 817","BOOK"
105,6.52,"Product 105","BOOK"
818,68.69,"Product 818","BOOK"
106,41.4,"Product 106","CD"
377,34.98,"Product 377","CD"
819,47.32,"Product 819","CD"
107,27.98,"Product 107","BOOK"
820,34.43,"Product 820","CD"
108,91.92,"Product 108","BOOK"
378,16.05,"Product 378","BOOK"
821,59.44,"Product 821","CD"
109,29.85,"Product 109","BOOK"
822,40.45,"Product 822","BOOK"
110,64.12,"Product 110","CD"
379,60.95,"Product 379","CD"
823,63.1,"Product 823","CD"
111,53.87,"Product 111","CD"
824,48.4,"Product 824","CD"
112,78.6,"Product 112","BOOK"
380,84.6,"Product 380","BOOK"
825,91.65,"Product 825","CD"
113,99.22,"Product 113","BOOK"
826,26.36,"Product 826","CD"
114,90.07,"Product 114","CD"
827,36.8,"Product 827","CD"
115,41.67,"Product 115","CD"
828,6.73,"Product 828","BOOK"
116,91.5,"Product 116","CD"
829,83.7,"Product 829","CD"
117,73.16,"Product 117","BOOK"
830,38.73,"Product 830","CD"
381,34.84,"Product 381","CD"
118,38.06,"Product 118","CD"
831,44.67,"Product 831","CD"
119,66.29,"Product 119","CD"
832,30.55,"Product 832","BOOK"
382,27.23,"Product 382","CD"
120,82.79,"Product 120","BOOK"
833,29.32,"Product 833","BOOK"
834,21.07,"Product 834","CD"
121,2.33,"Product 121","BOOK"
383,51.89,"Product 383","BOOK"
835,41.68,"Product 835","CD"
122,90.8,"Product 122","CD"
836,41.74,"Product 836","BOOK"
123,14.76,"Product 123","BOOK"
384,70.86,"Product 384","BOOK"
837,70.2,"Product 837","BOOK"
124,15.29,"Product 124","BOOK"
838,34.05,"Product 838","BOOK"
385,74.39,"Product 385","BOOK"
839,30.39,"Product 839","BOOK"
125,29.61,"Product 125","CD"
840,98.19,"Product 840","BOOK"
126,15.2,"Product 126","CD"
841,32.42,"Product 841","CD"
386,21.88,"Product 386","CD"
842,19.75,"Product 842","CD"
127,58.97,"Product 127","CD"
843,14.2,"Product 843","CD"
128,40.68,"Product 128","CD"
387,76.33,"Product 387","BOOK"
844,7.42,"Product 844","CD"
129,54.11,"Product 129","BOOK"
845,58.28,"Product 845","CD"
130,12.02,"Product 130","CD"
388,17.26,"Product 388","CD"
846,97.67,"Product 846","BOOK"
131,78.83,"Product 131","BOOK"
847,27.01,"Product 847","BOOK"
389,58.1,"Product 389","CD"
132,35.06,"Product 132","BOOK"
848,6.41,"Product 848","CD"
849,54.86,"Product 849","BOOK"
133,18.86,"Product 133","BOOK"
390,42.05,"Product 390","BOOK"
850,12.2,"Product 850","BOOK"
134,53.2,"Product 134","BOOK"
851,43.18,"Product 851","BOOK"
135,73.92,"Product 135","BOOK"
391,12.84,"Product 391","BOOK"
852,58.39,"Product 852","CD"
136,48.63,"Product 136","BOOK"
853,19.68,"Product 853","CD"
137,56.92,"Product 137","BOOK"
392,45.91,"Product 392","CD"
854,88.38,"Product 854","CD"
138,9.12,"Product 138","CD"
855,83.54,"Product 855","CD"
139,65.6,"Product 139","BOOK"
393,52.3,"Product 393","CD"
856,31.73,"Product 856","CD"
140,60.78,"Product 140","CD"
857,57.35,"Product 857","CD"
141,70.04,"Product 141","BOOK"
394,9.8,"Product 394","CD"
858,34.76,"Product 858","BOOK"
142,51.18,"Product 142","BOOK"
859,52.49,"Product 859","BOOK"
143,63.9,"Product 143","BOOK"
395,26.41,"Product 395","CD"
860,26.35,"Product 860","BOOK"
144,67.2,"Product 144","BOOK"
861,67.63,"Product 861","BOOK"
145,11.76,"Product 145","BOOK"
862,76.61,"Product 862","CD"
396,34.99,"Product 396","CD"
146,99.52,"Product 146","CD"
863,53.43,"Product 863","CD"
864,14.49,"Product 864","CD"
147,36.48,"Product 147","CD"
397,16.17,"Product 397","CD"
865,4.96,"Product 865","CD"
148,22.7,"Product 148","BOOK"
149,46.71,"Product 149","CD"
866,88.73,"Product 866","BOOK"
398,81.3,"Product 398","CD"
867,36.97,"Product 867","CD"
150,74.14,"Product 150","BOOK"
868,99.87,"Product 868","CD"
151,66.44,"Product 151","BOOK"
399,94.49,"Product 399","BOOK"
869,70.7,"Product 869","CD"
152,76.89,"Product 152","BOOK"
870,83.28,"Product 870","BOOK"
871,27.97,"Product 871","CD"
400,20.35,"Product 400","BOOK"
872,56.13,"Product 872","CD"
153,48.02,"Product 153","CD"
873,48.44,"Product 873","BOOK"
401,77.01,"Product 401","CD"
154,67.76,"Product 154","CD"
874,32.51,"Product 874","BOOK"
155,77.41,"Product 155","BOOK"
875,61.91,"Product 875","BOOK"
402,19.81,"Product 402","BOOK"
156,61.01,"Product 156","BOOK"
876,18.58,"Product 876","BOOK"
157,61.27,"Product 157","CD"
877,1.92,"Product 877","CD"
403,87.45,"Product 403","CD"
158,24.21,"Product 158","BOOK"
878,32.73,"Product 878","BOOK"
159,21.92,"Product 159","CD"
879,43.51,"Product 879","CD"
404,53.87,"Product 404","BOOK"
160,66.74,"Product 160","CD"
880,81.68,"Product 880","CD"
161,10.25,"Product 161","CD"
881,85.99,"Product 881","BOOK"
405,55.66,"Product 405","BOOK"
162,19.77,"Product 162","CD"
882,25.02,"Product 882","CD"
163,56.22,"Product 163","CD"
883,58.45,"Product 883","CD"
406,57.92,"Product 406","BOOK"
164,90.25,"Product 164","CD"
884,32.22,"Product 884","BOOK"
165,81.96,"Product 165","CD"
885,70.23,"Product 885","BOOK"
407,6.47,"Product 407","BOOK"
166,28.18,"Product 166","CD"
886,77.4,"Product 886","BOOK"
167,50.12,"Product 167","BOOK"
887,27.78,"Product 887","BOOK"
168,34.48,"Product 168","BOOK"
408,19.85,"Product 408","CD"
888,7.8,"Product 888","CD"
169,59.22,"Product 169","CD"
889,35.72,"Product 889","BOOK"
170,26.12,"Product 170","CD"
409,15.51,"Product 409","BOOK"
890,23.26,"Product 890","BOOK"
171,4.14,"Product 171","BOOK"
891,33.94,"Product 891","CD"
172,79.98,"Product 172","BOOK"
410,53.13,"Product 410","BOOK"
892,10.28,"Product 892","CD"
173,37.82,"Product 173","CD"
893,60.17,"Product 893","CD"
174,87.42,"Product 174","BOOK"
411,44.42,"Product 411","BOOK"
894,59.97,"Product 894","BOOK"
175,9.68,"Product 175","BOOK"
895,34.66,"Product 895","CD"
176,46.61,"Product 176","BOOK"
412,91.62,"Product 412","BOOK"
896,72.11,"Product 896","CD"
177,65.86,"Product 177","CD"
897,46.81,"Product 897","BOOK"
178,82.78,"Product 178","CD"
898,36.89,"Product 898","BOOK"
413,70.45,"Product 413","CD"
179,58,"Product 179","BOOK"
899,80.13,"Product 899","CD"
180,23.02,"Product 180","CD"
900,72.94,"Product 900","BOOK"
414,34.21,"Product 414","CD"
181,98.52,"Product 181","CD"
901,61.01,"Product 901","BOOK"
182,42.24,"Product 182","BOOK"
902,42.81,"Product 902","BOOK"
415,54.6,"Product 415","BOOK"
903,78.19,"Product 903","BOOK"
183,98.46,"Product 183","BOOK"
904,98.77,"Product 904","BOOK"
184,39.06,"Product 184","BOOK"
416,68.07,"Product 416","BOOK"
905,84.12,"Product 905","CD"
185,8.68,"Product 185","CD"
186,62.09,"Product 186","CD"
906,80.98,"Product 906","BOOK"
417,61.03,"Product 417","CD"
187,44.56,"Product 187","BOOK"
907,19.36,"Product 907","BOOK"
188,53.87,"Product 188","CD"
908,8.37,"Product 908","BOOK"
418,8.18,"Product 418","BOOK"
189,64.87,"Product 189","CD"
909,87.06,"Product 909","BOOK"
190,85.05,"Product 190","BOOK"
910,47.99,"Product 910","BOOK"
419,35.09,"Product 419","BOOK"
191,59.62,"Product 191","BOOK"
911,3.74,"Product 911","CD"
192,30.76,"Product 192","CD"
912,4.28,"Product 912","CD"
193,69.81,"Product 193","BOOK"
420,67.72,"Product 420","BOOK"
913,24.05,"Product 913","CD"
194,10.66,"Product 194","BOOK"
914,87.79,"Product 914","BOOK"
421,51.54,"Product 421","CD"
195,88.83,"Product 195","CD"
915,69.92,"Product 915","CD"
196,36.05,"Product 196","CD"
916,92.11,"Product 916","BOOK"
422,14.88,"Product 422","CD"
197,4.84,"Product 197","CD"
917,69.54,"Product 917","CD"
198,29.49,"Product 198","CD"
918,64.06,"Product 918","CD"
199,23.93,"Product 199","BOOK"
423,66.59,"Product 423","BOOK"
919,56.34,"Product 919","BOOK"
200,20.99,"Product 200","CD"
920,98.95,"Product 920","BOOK"
201,96.35,"Product 201","BOOK"
424,36.14,"Product 424","CD"
921,89.25,"Product 921","CD"
202,19.32,"Product 202","BOOK"
922,21.44,"Product 922","BOOK"
203,69.29,"Product 203","CD"
425,4.96,"Product 425","BOOK"
923,19.06,"Product 923","CD"
204,9.75,"Product 204","BOOK"
924,2.53,"Product 924","CD"
205,71.05,"Product 205","CD"
426,91.24,"Product 426","CD"
925,21.64,"Product 925","CD"
206,2.68,"Product 206","CD"
926,59.39,"Product 926","BOOK"
207,85.51,"Product 207","CD"
927,31.62,"Product 927","BOOK"
427,33.62,"Product 427","BOOK"
208,82.48,"Product 208","BOOK"
928,2.71,"Product 928","CD"
209,93.77,"Product 209","BOOK"
929,41.18,"Product 929","CD"
428,14.34,"Product 428","BOOK"
210,1.16,"Product 210","CD"
930,73.08,"Product 930","CD"
211,6.15,"Product 211","CD"
931,82.16,"Product 931","BOOK"
429,99.58,"Product 429","CD"
212,21.6,"Product 212","BOOK"
932,55.47,"Product 932","CD"
213,41.57,"Product 213","CD"
933,57.28,"Product 933","BOOK"
430,5.38,"Product 430","CD"
214,54.32,"Product 214","CD"
934,94.51,"Product 934","BOOK"
215,28.07,"Product 215","CD"
935,72.52,"Product 935","BOOK"
216,91.25,"Product 216","CD"
431,14.05,"Product 431","BOOK"
936,73.58,"Product 936","CD"
217,83.35,"Product 217","BOOK"
937,98.48,"Product 937","BOOK"
218,67.06,"Product 218","CD"
432,18.31,"Product 432","BOOK"
938,19.14,"Product 938","CD"
219,22.97,"Product 219","BOOK"
939,3.45,"Product 939","BOOK"
220,25.17,"Product 220","CD"
433,75.09,"Product 433","BOOK"
221,19.2,"Product 221","CD"
940,43.63,"Product 940","CD"
222,27.28,"Product 222","BOOK"
941,27.95,"Product 941","CD"
434,88.45,"Product 434","BOOK"
223,76.08,"Product 223","CD"
942,49.22,"Product 942","CD"
224,72.84,"Product 224","CD"
943,99.52,"Product 943","CD"
435,70.89,"Product 435","BOOK"
225,90.55,"Product 225","CD"
944,71.93,"Product 944","BOOK"
226,82.65,"Product 226","CD"
945,3.21,"Product 945","CD"
227,89.28,"Product 227","BOOK"
436,71.42,"Product 436","BOOK"
946,43.16,"Product 946","CD"
228,60.89,"Product 228","BOOK"
437,31.95,"Product 437","BOOK"
229,65.08,"Product 229","CD"
947,77.07,"Product 947","BOOK"
230,74.58,"Product 230","BOOK"
438,68.56,"Product 438","BOOK"
231,81.91,"Product 231","BOOK"
948,91.23,"Product 948","BOOK"
232,55.78,"Product 232","CD"
949,98.75,"Product 949","BOOK"
439,54.72,"Product 439","BOOK"
233,33.18,"Product 233","CD"
950,95.7,"Product 950","BOOK"
234,35.02,"Product 234","CD"
951,12.91,"Product 951","BOOK"
440,72.9,"Product 440","CD"
235,12.56,"Product 235","BOOK"
952,75.67,"Product 952","CD"
236,41.83,"Product 236","BOOK"
953,26.76,"Product 953","BOOK"
441,37.92,"Product 441","BOOK"
237,92.36,"Product 237","CD"
954,53.08,"Product 954","BOOK"
238,21.14,"Product 238","BOOK"
442,12.2,"Product 442","CD"
955,10.91,"Product 955","BOOK"
239,93.17,"Product 239","BOOK"
956,10.06,"Product 956","CD"
240,79.02,"Product 240","BOOK"
443,41.85,"Product 443","BOOK"
957,6.91,"Product 957","BOOK"
241,8.39,"Product 241","BOOK"
958,22.32,"Product 958","BOOK"
242,60.23,"Product 242","BOOK"
959,92.35,"Product 959","BOOK"
444,58.39,"Product 444","BOOK"
243,19.62,"Product 243","BOOK"
960,95.17,"Product 960","BOOK"
244,18.18,"Product 244","CD"
961,65.37,"Product 961","CD"
245,49.57,"Product 245","CD"
445,10.59,"Product 445","BOOK"
962,98.16,"Product 962","CD"
446,36.84,"Product 446","CD"
246,85.48,"Product 246","CD"
963,84.38,"Product 963","CD"
247,18.61,"Product 247","CD"
964,42.07,"Product 964","CD"
447,21.65,"Product 447","BOOK"
248,36.49,"Product 248","BOOK"
965,72.5,"Product 965","BOOK"
249,95.35,"Product 249","CD"
966,55.24,"Product 966","BOOK"
448,15.44,"Product 448","CD"
250,47.97,"Product 250","CD"
967,70.88,"Product 967","CD"
251,65.92,"Product 251","BOOK"
968,72.21,"Product 968","CD"
449,38.57,"Product 449","CD"
252,97.72,"Product 252","BOOK"
969,63.36,"Product 969","BOOK"
253,60.34,"Product 253","CD"
970,97.42,"Product 970","CD"
450,1.35,"Product 450","BOOK"
254,83.21,"Product 254","BOOK"
971,5.25,"Product 971","BOOK"
255,31.23,"Product 255","CD"
972,56.31,"Product 972","CD"
451,88.62,"Product 451","CD"
256,12.17,"Product 256","BOOK"
973,83.87,"Product 973","CD"
974,1.88,"Product 974","CD"
257,64.38,"Product 257","CD"
452,3.43,"Product 452","BOOK"
258,5.42,"Product 258","BOOK"
975,20.51,"Product 975","BOOK"
259,11.62,"Product 259","CD"
976,35.01,"Product 976","CD"
260,72.5,"Product 260","BOOK"
977,7.09,"Product 977","BOOK"
453,69.62,"Product 453","CD"
978,64.98,"Product 978","BOOK"
261,79.38,"Product 261","BOOK"
262,87.76,"Product 262","CD"
979,69.68,"Product 979","CD"
454,64.01,"Product 454","CD"
263,2.2,"Product 263","BOOK"
980,49.89,"Product 980","BOOK"
455,80.35,"Product 455","CD"
981,22.56,"Product 981","BOOK"
264,97.11,"Product 264","CD"
982,5.08,"Product 982","CD"
265,39.38,"Product 265","CD"
983,37.21,"Product 983","CD"
266,48.58,"Product 266","BOOK"
456,92.82,"Product 456","CD"
267,7.05,"Product 267","CD"
984,44.22,"Product 984","CD"
985,22.68,"Product 985","BOOK"
268,91.4,"Product 268","BOOK"
457,23.65,"Product 457","BOOK"
986,7.52,"Product 986","CD"
269,69.94,"Product 269","CD"
987,31.95,"Product 987","CD"
270,7.4,"Product 270","CD"
458,10.31,"Product 458","CD"
988,37.52,"Product 988","BOOK"
271,34.5,"Product 271","BOOK"
989,93.36,"Product 989","CD"
459,41.83,"Product 459","BOOK"
272,51.38,"Product 272","BOOK"
990,10.61,"Product 990","BOOK"
273,72.86,"Product 273","CD"
991,43.29,"Product 991","BOOK"
460,34.91,"Product 460","CD"
274,69.05,"Product 274","BOOK"
992,15.6,"Product 992","CD"
275,44.9,"Product 275","BOOK"
993,35.69,"Product 993","CD"
461,71.01,"Product 461","CD"
276,10.2,"Product 276","CD"
994,86.66,"Product 994","BOOK"
277,20.46,"Product 277","CD"
995,58.9,"Product 995","BOOK"
462,49.43,"Product 462","BOOK"
278,87.84,"Product 278","BOOK"
996,60.89,"Product 996","CD"
279,34.51,"Product 279","CD"
997,43,"Product 997","BOOK"
280,81.84,"Product 280","CD"
463,65.71,"Product 463","BOOK"
998,64.8,"Product 998","BOOK"
999,55.54,"Product 999","CD"
281,63.19,"Product 281","CD"
464,75.61,"Product 464","BOOK"
1000,43.44,"Product 1000","CD"
282,21.36,"Product 282","BOOK"
283,63.25,"Product 283","BOOK"
465,83.81,"Product 465","BOOK"
284,26.19,"Product 284","CD"
285,83.74,"Product 285","BOOK"
466,73.06,"Product 466","BOOK"
286,12,"Product 286","BOOK"
287,83.39,"Product 287","CD"
467,12.65,"Product 467","BOOK"
288,98.32,"Product 288","BOOK"
289,76.29,"Product 289","CD"
290,38.54,"Product 290","CD"
291,5.83,"Product 291","CD"
292,8.85,"Product 292","CD"
468,56.38,"Product 468","BOOK"
293,53.27,"Product 293","BOOK"
294,99,"Product 294","BOOK"
295,34.97,"Product 295","CD"
469,69.05,"Product 469","BOOK"
296,61.27,"Product 296","BOOK"
297,78.78,"Product 297","CD"
470,29.15,"Product 470","BOOK"
298,86.93,"Product 298","CD"
299,77.85,"Product 299","CD"
300,83.7,"Product 300","CD"
471,67.12,"Product 471","BOOK"
301,14.62,"Product 301","CD"
302,45.26,"Product 302","BOOK"
472,81.71,"Product 472","BOOK"
303,60.29,"Product 303","BOOK"
304,13.28,"Product 304","CD"
473,61.08,"Product 473","BOOK"
305,99.17,"Product 305","BOOK"
306,16.78,"Product 306","CD"
474,28.74,"Product 474","BOOK"
307,22.07,"Product 307","CD"
308,93.23,"Product 308","BOOK"
475,75.51,"Product 475","CD"
309,80.76,"Product 309","BOOK"
310,19.12,"Product 310","CD"
476,20.85,"Product 476","BOOK"
311,23.41,"Product 311","BOOK"
312,21.79,"Product 312","BOOK"
477,76.75,"Product 477","BOOK"
313,17.24,"Product 313","CD"
314,11.75,"Product 314","CD"
478,28.36,"Product 478","BOOK"
315,36.37,"Product 315","CD"
316,45.17,"Product 316","BOOK"
317,16.07,"Product 317","CD"
479,96.7,"Product 479","CD"
318,65.49,"Product 318","CD"
480,53.37,"Product 480","CD"
319,63.46,"Product 319","BOOK"
320,72.13,"Product 320","CD"
481,36.63,"Product 481","CD"
321,32.27,"Product 321","BOOK"
322,78.55,"Product 322","CD"
482,41.82,"Product 482","CD"
323,51.71,"Product 323","BOOK"
324,36.5,"Product 324","BOOK"
483,99.17,"Product 483","BOOK"
325,30.55,"Product 325","BOOK"
326,9.67,"Product 326","CD"
484,27.56,"Product 484","BOOK"
327,64.38,"Product 327","BOOK"
328,20.56,"Product 328","CD"
485,61.84,"Product 485","BOOK"
329,45.4,"Product 329","CD"
330,9.19,"Product 330","BOOK"
486,23.25,"Product 486","BOOK"
331,13.52,"Product 331","BOOK"
332,44.69,"Product 332","BOOK"
487,89.1,"Product 487","BOOK"
333,33.08,"Product 333","BOOK"
334,15.02,"Product 334","CD"
488,72.42,"Product 488","BOOK"
489,67.85,"Product 489","BOOK"
490,99.36,"Product 490","CD"
491,19.42,"Product 491","BOOK"
492,69.91,"Product 492","BOOK"
493,93.29,"Product 493","CD"
494,76.38,"Product 494","BOOK"
495,79.37,"Product 495","BOOK"
496,30.24,"Product 496","BOOK"
497,96.95,"Product 497","CD"
498,34.66,"Product 498","BOOK"
499,55.07,"Product 499","BOOK"
500,61.25,"Product 500","CD"
501,91.18,"Product 501","CD"
502,36.08,"Product 502","CD"
503,32.34,"Product 503","CD"
504,51.56,"Product 504","BOOK"
505,31.05,"Product 505","CD"
506,62.94,"Product 506","BOOK"
507,74.01,"Product 507","CD"
508,71.43,"Product 508","CD"
509,67.74,"Product 509","BOOK"
510,74.34,"Product 510","CD"
511,4.83,"Product 511","CD"
512,3.06,"Product 512","CD"
513,32.65,"Product 513","BOOK"
514,38.01,"Product 514","BOOK"
515,74.95,"Product 515","BOOK"
516,47.2,"Product 516","CD"
517,12.47,"Product 517","BOOK"
518,45.34,"Product 518","CD"
519,6.37,"Product 519","CD"
520,61.97,"Product 520","CD"
521,52.83,"Product 521","BOOK"
522,54.84,"Product 522","BOOK"
523,83.51,"Product 523","BOOK"
524,64.28,"Product 524","BOOK"
525,20.09,"Product 525","BOOK"
526,85.42,"Product 526","CD"
527,73.03,"Product 527","BOOK"
528,58.9,"Product 528","BOOK"
529,65.69,"Product 529","BOOK"
530,90.51,"Product 530","BOOK"
531,63.74,"Product 531","BOOK"
532,9.83,"Product 532","BOOK"
533,87.95,"Product 533","BOOK"
534,50.49,"Product 534","CD"
535,47.65,"Product 535","CD"
536,48.53,"Product 536","BOOK"
537,76.43,"Product 537","BOOK"
538,79.3,"Product 538","BOOK"
539,10.63,"Product 539","CD"
540,48.25,"Product 540","BOOK"
541,54.13,"Product 541","CD"
542,1.7,"Product 542","BOOK"
543,1.4,"Product 543","BOOK"
544,73.87,"Product 544","CD"
545,37.03,"Product 545","CD"
546,50.38,"Product 546","CD"
547,95.04,"Product 547","CD"
548,33.46,"Product 548","BOOK"
549,31.19,"Product 549","CD"
550,43.25,"Product 550","CD"
551,48.64,"Product 551","BOOK"
552,97.77,"Product 552","CD"
553,73.25,"Product 553","BOOK"
554,37.02,"Product 554","CD"
555,41.49,"Product 555","BOOK"
556,51.44,"Product 556","BOOK"
557,24.35,"Product 557","CD"
558,37.53,"Product 558","CD"
559,21.61,"Product 559","CD"
560,71.09,"Product 560","CD"
561,86.24,"Product 561","BOOK"
562,92.22,"Product 562","BOOK"
563,46.61,"Product 563","BOOK"
564,31.26,"Product 564","CD"
565,9.52,"Product 565","CD"
566,26.94,"Product 566","CD"
567,2.8,"Product 567","CD"
568,87.13,"Product 568","BOOK"
569,13.64,"Product 569","CD"
570,61.96,"Product 570","CD"
571,54.51,"Product 571","CD"
572,57.43,"Product 572","BOOK"
573,68.75,"Product 573","BOOK"
574,57.62,"Product 574","CD"
575,66.57,"Product 575","BOOK"
576,24.35,"Product 576","CD"
577,54.9,"Product 577","CD"
578,38.75,"Product 578","BOOK"
579,88.39,"Product 579","BOOK"
580,64.46,"Product 580","CD"
581,39.83,"Product 581","BOOK"
582,69.26,"Product 582","BOOK"
583,29.36,"Product 583","BOOK"
584,77.4,"Product 584","CD"
585,74.1,"Product 585","CD"
586,69.48,"Product 586","BOOK"
587,96.6,"Product 587","CD"
588,67.48,"Product 588","BOOK"
589,15.56,"Product 589","BOOK"
590,52.09,"Product 590","CD"
591,33.45,"Product 591","BOOK"
592,43.17,"Product 592","CD"
593,93.96,"Product 593","BOOK"
594,59.19,"Product 594","CD"
595,29.06,"Product 595","CD"
596,88.47,"Product 596","CD"
597,28.9,"Product 597","BOOK"
598,58.08,"Product 598","CD"
599,62.72,"Product 599","BOOK"
600,67.19,"Product 600","BOOK"
601,55.41,"Product 601","BOOK"
602,44.45,"Product 602","CD"
603,32.89,"Product 603","BOOK"
604,91.74,"Product 604","CD"
605,93.35,"Product 605","CD"
606,23.27,"Product 606","BOOK"
607,95.94,"Product 607","BOOK"
608,56.23,"Product 608","CD"
609,45.65,"Product 609","BOOK"
610,45.38,"Product 610","BOOK"
611,99.01,"Product 611","BOOK"
612,83.26,"Product 612","CD"
613,57.08,"Product 613","CD"
614,76.06,"Product 614","CD"
615,52.95,"Product 615","CD"
616,88.65,"Product 616","CD"
617,91.19,"Product 617","BOOK"
618,1.01,"Product 618","BOOK"
619,52.19,"Product 619","BOOK"
620,93.06,"Product 620","CD"
621,63.85,"Product 621","BOOK"
622,27.92,"Product 622","BOOK"
623,96.04,"Product 623","CD"
624,35.57,"Product 624","CD"
625,1.84,"Product 625","CD"
626,41.46,"Product 626","CD"
627,72.7,"Product 627","CD"
628,42.02,"Product 628","BOOK"
629,46.49,"Product 629","BOOK"
630,62.69,"Product 630","CD"
631,32.92,"Product 631","BOOK"
632,14.58,"Product 632","BOOK"
633,35.67,"Product 633","CD"
634,90.21,"Product 634","BOOK"
635,85.42,"Product 635","BOOK"
636,48.81,"Product 636","CD"
637,67.61,"Product 637","CD"
638,32.42,"Product 638","CD"
639,88.88,"Product 639","CD"
640,46.19,"Product 640","BOOK"
641,85.13,"Product 641","BOOK"
642,41.64,"Product 642","BOOK"
643,88.94,"Product 643","BOOK"
644,9.98,"Product 644","CD"
645,84.35,"Product 645","CD"
646,27.21,"Product 646","BOOK"
647,21.98,"Product 647","CD"
648,17.25,"Product 648","CD"
649,56.73,"Product 649","CD"
650,94.81,"Product 650","CD"
651,26.67,"Product 651","CD"
652,63.89,"Product 652","BOOK"
653,20.58,"Product 653","CD"
654,6.14,"Product 654","BOOK"
655,30.5,"Product 655","BOOK"
656,51.69,"Product 656","BOOK"
657,46.74,"Product 657","BOOK"
658,30.09,"Product 658","CD"
659,55.2,"Product 659","BOOK"
660,80.66,"Product 660","BOOK"
661,12.5,"Product 661","BOOK"
662,83.17,"Product 662","BOOK"
663,10.17,"Product 663","CD"
664,32.3,"Product 664","CD"
665,30.75,"Product 665","CD"
666,93.49,"Product 666","CD"
667,79.78,"Product 667","BOOK"
668,14.19,"Product 668","BOOK"
